SRC_NAME	COUNTRY	PRICE	LAT	LNG
Amsterdam	Argentina	1818	-34.822222	-58.535833
Amsterdam	Australia	1011	-31.940278	115.966944
Amsterdam	Austria	165	48.110278	16.569722
Amsterdam	Azerbaijan	148	40.4675	50.046667
Amsterdam	Bahrain	314	26.270834	50.63361
Amsterdam	Belgium	111	50.901389	4.484444
Amsterdam	Bosnia and Herzegovina	258	43.824583	18.331467
Amsterdam	Brazil	530	-23.432075	-46.469511
Amsterdam	Bulgaria	119	42.900827500000005	27.670171000000003
Amsterdam	Canada	476	47.995000000000005	-105.61175933333332
Amsterdam	China	468	35.6117445	119.194885
Amsterdam	Croatia	160	44.39653975	16.675940999999998
Amsterdam	Cyprus	468	34.875117	33.62485
Amsterdam	Czech Republic	56	50.100833	14.26
Amsterdam	Denmark	80	55.617917	12.655972
Amsterdam	Dominican Republic	2429	19.093781999999997	-70.119479
Amsterdam	Ecuador	2225	-0.141144	-78.488214
Amsterdam	Egypt	157	29.407036666666666	32.40194466666667
Amsterdam	Estonia	116	59.413317	24.832844
Amsterdam	Finland	106	60.317222	24.963333
Amsterdam	France	42	44.58471911111112	3.5775377777777777
Amsterdam	Georgia	104	41.669167	44.954722
Amsterdam	Germany	47	51.6474973	11.3185192
Amsterdam	Greece	106	36.950391249999996	24.42785925
Amsterdam	Guernsey	131	49.434956	-2.601969
Amsterdam	Hong Kong	1621	22.308919	113.914603
Amsterdam	Iceland	113	63.985	-22.605556
Amsterdam	India	339	23.5930222	77.6777472
Amsterdam	Iraq	485	36.237611	43.963158
Amsterdam	Ireland	74	52.63130099999999	-7.380593
Amsterdam	Israel	90	32.011389	34.886667
Amsterdam	Italy	47	43.52312540909091	11.126232
Amsterdam	Jersey	138	49.207947	-2.195508
Amsterdam	Jordan	1097	31.722556	35.993214
Amsterdam	Kenya	462	-1.319167	36.9275
Amsterdam	Lebanon	146	33.820931	35.488389
Amsterdam	Lithuania	97	54.634133	25.285767
Amsterdam	Macedonia	112	41.179956	20.742325
Amsterdam	Malaysia	707	2.3252843333333333	104.58892233333334
Amsterdam	Maldives	555	4.191833	73.529128
Amsterdam	Malta	85	35.857497	14.4775
Amsterdam	Mexico	1775	21.036528	-86.877083
Amsterdam	Morocco	68	32.94638483333333	-7.025662833333333
Amsterdam	Netherlands Antilles	2342	15.085998499999999	-65.6887055
Amsterdam	Norway	58	59.89133533333333	8.859043666666667
Amsterdam	Peru	1792	-12.021889	-77.114319
Amsterdam	Poland	110	51.6342165	18.926479
Amsterdam	Portugal	56	39.014597	-8.594406333333334
Amsterdam	Romania	169	44.572161	26.102178
Amsterdam	Russia	123	54.752939375000004	41.297818125
Amsterdam	Saudi Arabia	383	25.910541	46.756859
Amsterdam	Singapore	707	1.350189	103.994433
Amsterdam	Slovenia	422	46.223686	14.457611
Amsterdam	South Africa	746	-32.63323366666667	22.717951
Amsterdam	South Korea	1742	37.469075	126.450517
Amsterdam	Spain	63	38.03173953571429	-5.466991107142858
Amsterdam	Sri Lanka	805	7.180756	79.884117
Amsterdam	Sweden	64	58.325872000000004	14.159416333333333
Amsterdam	Switzerland	33	47.189377	7.684112750000001
Amsterdam	Thailand	421	13.681108	100.747283
Amsterdam	Turkey	88	38.372665363636365	31.46323
Amsterdam	Ukraine	84	49.0119144	30.743343200000005
Amsterdam	United Arab Emirates	146	25.252778	55.364444
Amsterdam	United Kingdom	29	53.24453060869566	-2.096871739130435
Amsterdam	United States	1189	38.69063210526316	-94.57585810526317
Amsterdam	Vietnam	360	16.0199945	106.22951699999999
Athens	Albania	80	41.414742	19.720561
Athens	Australia	742	-37.673333	144.843333
Athens	Austria	101	48.110278	16.569722
Athens	Belgium	95	50.901389	4.484444
Athens	Bosnia and Herzegovina	139	43.824583	18.331467
Athens	Cameroon	1395	4.006081	9.719481
Athens	Canada	678	43.677223	-79.630556
Athens	China	441	33.934005666666664	114.11228533333333
Athens	Croatia	225	44.152142	17.168511
Athens	Cuba	686	22.989153	-82.409086
Athens	Cyprus	87	34.875117	33.62485
Athens	Czech Republic	515	50.100833	14.26
Athens	Denmark	152	55.617917	12.655972
Athens	Finland	638	60.317222	24.963333
Athens	France	149	46.59519816666667	4.163293333333334
Athens	Germany	69	50.82289685714285	10.401891285714285
Athens	Greece	42	37.9758993	24.6253658
Athens	India	414	28.5665	77.103088
Athens	Ireland	130	53.421333	-6.270075
Athens	Italy	59	44.507603	10.558515285714284
Athens	Jordan	276	31.722556	35.993214
Athens	Lebanon	276	33.820931	35.488389
Athens	Macedonia	115	41.961622	21.621381
Athens	Mexico	2237	19.436303	-99.072097
Athens	Netherlands	111	52.308613	4.763889
Athens	Norway	328	59.69031	10.6794945
Athens	Portugal	140	38.781311	-9.135919
Athens	Romania	76	44.572161	26.102178
Athens	Russia	137	54.940997875	52.09562124999999
Athens	Serbia	100	44.818444	20.309139
Athens	South Korea	577	37.469075	126.450517
Athens	Spain	55	41.697243666666665	-1.4663026666666668
Athens	Sweden	176	59.651944	17.918611
Athens	Switzerland	145	47.055836	7.7357613333333335
Athens	Thailand	1400	13.681108	100.747283
Athens	Turkey	120	39.455622999999996	30.7112498
Athens	Ukraine	87	50.186398	28.433510000000002
Athens	United Arab Emirates	392	25.252778	55.364444
Athens	United Kingdom	108	52.65523236363637	-1.2744063636363638
Athens	United States	559	38.694570625	-79.280318875
Barcelona	Argentina	2018	-34.822222	-58.535833
Barcelona	Armenia	439	40.147275	44.395881
Barcelona	Australia	707	-33.7593055	139.59930525000001
Barcelona	Austria	80	47.951791	14.7870275
Barcelona	Belgium	19	50.680293000000006	4.4691305
Barcelona	Bermuda	1677	32.364042	-64.678703
Barcelona	Brazil	570	-23.219787500000002	-46.8019775
Barcelona	Bulgaria	77	42.695194	23.406167
Barcelona	Canada	728	44.275000666666664	-77.66731499999999
Barcelona	Chile	2721	-33.392975	-70.785803
Barcelona	China	323	34.951649	117.72448066666668
Barcelona	Croatia	80	43.94774266666667	16.878328666666665
Barcelona	Cyprus	238	34.796578	33.0552905
Barcelona	Czech Republic	97	50.100833	14.26
Barcelona	Denmark	65	56.15034266666667	10.552304666666666
Barcelona	Egypt	209	30.121944	31.405556
Barcelona	El Salvador	1858	13.440947	-89.055728
Barcelona	Estonia	257	59.413317	24.832844
Barcelona	Finland	89	60.8656845	24.283862499999998
Barcelona	France	30	46.2795126923077	2.584061
Barcelona	Georgia	144	41.669167	44.954722
Barcelona	Germany	34	51.27755417647059	10.086026764705881
Barcelona	Gibraltar	524	36.151219	-5.349664
Barcelona	Greece	89	37.33925299999999	25.168223666666666
Barcelona	Guatemala	1782	14.583272	-90.527475
Barcelona	Hong Kong	417	22.308919	113.914603
Barcelona	Hungary	66	47.436933	19.255592
Barcelona	India	417	19.088686	72.867919
Barcelona	Iran	152	35.416111	51.152222
Barcelona	Iraq	471	36.237611	43.963158
Barcelona	Ireland	81	53.05763299999999	-7.859892666666667
Barcelona	Israel	112	32.011389	34.886667
Barcelona	Italy	17	42.14434868421052	11.839959421052633
Barcelona	Japan	373	35.764722	140.386389
Barcelona	Latvia	917	56.923611	23.971111
Barcelona	Lebanon	455	33.820931	35.488389
Barcelona	Lithuania	77	54.634133	25.285767
Barcelona	Luxembourg	56	49.626575	6.211517
Barcelona	Malaysia	1275	2.745578	101.709917
Barcelona	Malta	97	35.857497	14.4775
Barcelona	Mexico	1841	20.2364155	-92.97459
Barcelona	Morocco	34	33.9234662	-5.9098648
Barcelona	Nepal	616	27.696583	85.3591
Barcelona	Netherlands	34	51.905232000000005	4.858546333333334
Barcelona	Norway	25	60.85758175	9.546909124999999
Barcelona	Peru	689	-12.021889	-77.114319
Barcelona	Poland	49	51.76983616666667	18.668393333333334
Barcelona	Portugal	35	39.014597	-8.594406333333334
Barcelona	Romania	77	45.678664	24.8941725
Barcelona	Russia	114	54.386813636363634	43.162491272727266
Barcelona	Saudi Arabia	396	21.679564	39.156536
Barcelona	Senegal	287	14.739708	-17.490225
Barcelona	Serbia	200	42.572778	21.035833
Barcelona	Singapore	470	1.350189	103.994433
Barcelona	Spain	32	37.945442500000006	-5.938471571428572
Barcelona	Sweden	45	58.70113866666666	15.703539666666666
Barcelona	Switzerland	27	47.09759533333334	7.395761333333334
Barcelona	Tanzania	952	-3.429406	37.074461
Barcelona	Thailand	445	13.681108	100.747283
Barcelona	Turkey	127	39.223794399999996	31.7991308
Barcelona	Ukraine	94	49.65820125	30.760063000000002
Barcelona	United Arab Emirates	161	25.252778	55.364444
Barcelona	United Kingdom	23	53.14336547368421	-2.217375578947368
Barcelona	United States	373	36.615016	-86.35792620000002
Barcelona	Uzbekistan	444	41.257861	69.281186
Barcelona	Venezuela	1312	10.176092	-65.0719915
Berlin	Argentina	1217	-34.822222	-58.535833
Berlin	Australia	630	-31.940278	115.966944
Berlin	Austria	67	47.4660934	14.471151
Berlin	Belgium	39	50.901389	4.484444
Berlin	Bulgaria	167	42.900827500000005	27.670171000000003
Berlin	China	453	30.98295733333333	116.94322433333333
Berlin	Croatia	84	44.3779165	15.4341155
Berlin	Cuba	707	22.989153	-82.409086
Berlin	Czech Republic	93	50.100833	14.26
Berlin	Denmark	37	55.617917	12.655972
Berlin	Egypt	350	29.407036666666666	32.40194466666667
Berlin	El Salvador	2451	13.440947	-89.055728
Berlin	Estonia	114	59.413317	24.832844
Berlin	Finland	104	60.55966566666667	26.023687666666664
Berlin	France	54	45.32400175000001	3.3801296250000004
Berlin	Germany	34	49.485067	9.148439571428572
Berlin	Ghana	395	5.605186	-0.166786
Berlin	Greece	144	37.564425400000005	24.3785062
Berlin	Hungary	61	47.436933	19.255592
Berlin	Iceland	316	63.985	-22.605556
Berlin	India	641	16.019336	75.2680625
Berlin	Indonesia	529	-6.125567	106.655897
Berlin	Iran	194	35.416111	51.152222
Berlin	Ireland	60	53.421333	-6.270075
Berlin	Israel	154	32.011389	34.886667
Berlin	Italy	34	42.08056428571428	12.05917842857143
Berlin	Japan	396	35.764722	140.386389
Berlin	Jordan	650	31.722556	35.993214
Berlin	Kazakhstan	972	43.352072	77.040508
Berlin	Kyrgyzstan	199	43.061306	74.477556
Berlin	Latvia	632	56.923611	23.971111
Berlin	Lebanon	260	33.820931	35.488389
Berlin	Luxembourg	198	49.626575	6.211517
Berlin	Maldives	509	4.191833	73.529128
Berlin	Malta	702	35.857497	14.4775
Berlin	Morocco	144	32.4871765	-7.8131335
Berlin	Netherlands	39	51.879376	5.0692085
Berlin	Norway	25	61.48543457142858	10.755865428571429
Berlin	Poland	80	52.20701666666667	19.739393333333336
Berlin	Portugal	135	38.514554000000004	-8.4372825
Berlin	Romania	105	44.572161	26.102178
Berlin	Russia	127	54.68244855555556	43.98460133333333
Berlin	Serbia	305	42.572778	21.035833
Berlin	Slovakia	239	48.170167	17.212667
Berlin	Slovenia	675	46.223686	14.457611
Berlin	Spain	89	37.04242716666667	-4.2702517222222225
Berlin	Sri Lanka	471	7.180756	79.884117
Berlin	Sweden	19	58.864447	16.26306725
Berlin	Switzerland	34	47.189377	7.684112750000001
Berlin	Thailand	453	13.681108	100.747283
Berlin	Tunisia	741	36.851033	10.227217
Berlin	Turkey	127	38.689490562500005	33.400319124999996
Berlin	Ukraine	110	50.363898	30.746380333333335
Berlin	United Arab Emirates	203	25.252778	55.364444
Berlin	United Kingdom	23	52.694054933333334	-1.5910082
Berlin	United States	569	39.472813625	-103.16629875
Berlin	Vietnam	480	10.818797	106.651856
Brussels	Albania	116	41.414742	19.720561
Brussels	Algeria	394	36.691014	3.215408
Brussels	Austria	174	48.110278	16.569722
Brussels	Bahrain	315	26.270834	50.63361
Brussels	Bulgaria	254	42.695194	23.406167
Brussels	Canada	1100	47.35166666666667	-87.16731466666666
Brussels	China	408	31.170827727272727	115.27933036363635
Brussels	Croatia	224	44.195011	15.52685
Brussels	Cuba	302	23.034445	-81.435278
Brussels	Czech Republic	235	50.100833	14.26
Brussels	Denmark	61	55.69952033333333	10.319842666666666
Brussels	Ecuador	1313	-0.141144	-78.488214
Brussels	Estonia	163	59.413317	24.832844
Brussels	France	64	45.100214375	3.625093875
Brussels	Gambia	979	13.337961	-16.652206
Brussels	Georgia	124	41.669167	44.954722
Brussels	Germany	53	50.673622333333334	12.028811500000002
Brussels	Greece	90	37.63383922222222	23.711241444444443
Brussels	Hong Kong	342	22.308919	113.914603
Brussels	Hungary	172	47.436933	19.255592
Brussels	India	320	28.5665	77.103088
Brussels	Indonesia	577	-8.748169	115.167172
Brussels	Ireland	57	52.63130099999999	-7.380593
Brussels	Israel	257	32.011389	34.886667
Brussels	Italy	24	42.90727018749999	11.587525750000001
Brussels	Japan	442	35.0997221	137.815278
Brussels	Kyrgyzstan	424	43.061306	74.477556
Brussels	Latvia	142	56.923611	23.971111
Brussels	Lebanon	177	33.820931	35.488389
Brussels	Lithuania	155	54.634133	25.285767
Brussels	Macedonia	257	41.961622	21.621381
Brussels	Malta	189	35.857497	14.4775
Brussels	Mexico	302	20.2364155	-92.97459
Brussels	Morocco	81	31.785235333333333	-8.390859333333333
Brussels	Norway	61	59.69031	10.6794945
Brussels	Panama	2385	9.071364	-79.383453
Brussels	Poland	105	52.25084366666667	19.586856333333333
Brussels	Portugal	90	37.04822300000001	-13.391633714285714
Brussels	Romania	66	45.853940333333334	25.808327000000002
Brussels	Russia	165	54.591868399999996	41.111294
Brussels	Serbia	102	43.695611	20.672486
Brussels	South Korea	416	36.3243015	127.6943695
Brussels	Spain	68	38.507217600000004	-5.0074979200000005
Brussels	Sweden	102	59.55275333333333	17.926290666666663
Brussels	Switzerland	33	47.189377	7.684112750000001
Brussels	Thailand	419	13.681108	100.747283
Brussels	Tunisia	106	36.075833	10.438611
Brussels	Turkey	98	38.23081555555556	30.322158666666667
Brussels	Ukraine	123	49.237652499999996	34.0947095
Brussels	United Arab Emirates	166	25.252778	55.364444
Brussels	United Kingdom	47	52.91974530769232	-1.4856707692307691
Brussels	United States	467	39.437989	-90.24337271428571
Brussels	Vietnam	454	16.0199945	106.22951699999999
Bucharest	Austria	164	48.110278	16.569722
Bucharest	Belgium	22	50.680293000000006	4.4691305
Bucharest	Bulgaria	114	42.695194	23.406167
Bucharest	Canada	2615	44.5738895	-76.6856945
Bucharest	China	424	31.041670333333332	119.11654433333335
Bucharest	Cyprus	73	34.875117	33.62485
Bucharest	Denmark	96	55.617917	12.655972
Bucharest	Egypt	768	30.121944	31.405556
Bucharest	Finland	157	60.317222	24.963333
Bucharest	France	53	47.6449007	2.8268062
Bucharest	Georgia	102	41.669167	44.954722
Bucharest	Germany	36	50.7559040909091	9.620414636363636
Bucharest	Greece	103	37.93642433333333	24.5916265
Bucharest	Iran	148	35.416111	51.152222
Bucharest	Ireland	533	53.421333	-6.270075
Bucharest	Israel	96	32.011389	34.886667
Bucharest	Italy	26	43.23753256249999	11.733411875
Bucharest	Japan	371	35.764722	140.386389
Bucharest	Lebanon	164	33.820931	35.488389
Bucharest	Luxembourg	118	49.626575	6.211517
Bucharest	Malta	366	35.857497	14.4775
Bucharest	Morocco	1021	33.367467	-7.589967
Bucharest	Netherlands	131	52.308613	4.763889
Bucharest	Norway	110	60.193917	11.100361
Bucharest	Poland	215	54.377569	18.466222
Bucharest	Portugal	161	40.014683000000005	-8.908653999999999
Bucharest	Romania	65	46.785167	23.686167
Bucharest	Russia	218	57.886466999999996	33.838546
Bucharest	South Korea	791	37.469075	126.450517
Bucharest	Spain	75	38.68997925000001	-4.44030675
Bucharest	Sweden	139	59.651944	17.918611
Bucharest	Switzerland	42	46.851393	7.3290585
Bucharest	Thailand	430	13.681108	100.747283
Bucharest	Turkey	63	38.03219466666666	30.80369333333333
Bucharest	United Arab Emirates	137	25.252778	55.364444
Bucharest	United Kingdom	61	52.717558	-1.4637372000000002
Bucharest	United States	1333	41.3355515	-81.0367545
Budapest	Australia	658	-33.946111	151.177222
Budapest	Azerbaijan	41	40.4675	50.046667
Budapest	Belgium	18	50.75399166666667	4.474235
Budapest	Bulgaria	58	43.232072	27.825106
Budapest	Canada	1107	43.677223	-79.630556
Budapest	Croatia	216	43.94774266666667	16.878328666666665
Budapest	Czech Republic	137	50.100833	14.26
Budapest	Denmark	17	55.6791195	10.903875
Budapest	Estonia	132	59.413317	24.832844
Budapest	Finland	34	60.9641445	22.9336
Budapest	France	37	48.229722	3.02826375
Budapest	Germany	22	51.128589	10.197904375
Budapest	Greece	49	38.285084	24.131583333333335
Budapest	India	568	8.482122	76.920114
Budapest	Ireland	100	53.421333	-6.270075
Budapest	Isle of Man	335	54.083333	-4.623889
Budapest	Israel	34	32.011389	34.886667
Budapest	Italy	18	43.424373666666675	11.285660333333334
Budapest	Japan	333	35.65849	140.0830415
Budapest	Jordan	307	31.722556	35.993214
Budapest	Lebanon	555	33.820931	35.488389
Budapest	Malaysia	465	2.745578	101.709917
Budapest	Malta	58	35.857497	14.4775
Budapest	Morocco	357	34.9888	-3.02821
Budapest	Netherlands	13	52.00607725	4.834882
Budapest	Norway	108	60.193917	11.100361
Budapest	Poland	13	51.115387999999996	19.212598
Budapest	Portugal	186	39.014597	-8.594406333333334
Budapest	Romania	210	44.572161	26.102178
Budapest	Russia	111	55.7363565	37.49919375
Budapest	Saudi Arabia	772	24.95764	46.698776
Budapest	South Korea	458	37.469075	126.450517
Budapest	Spain	53	40.30006133333333	-0.1426948333333334
Budapest	Sweden	31	57.93637375	15.01820275
Budapest	Switzerland	17	46.914032000000006	6.819058500000001
Budapest	Thailand	296	13.681108	100.747283
Budapest	Turkey	167	39.937782	29.434722999999998
Budapest	Ukraine	26	48.599638666666664	31.773186
Budapest	United Kingdom	35	52.98656806666667	-1.3639132
Budapest	United States	1184	35.337603	-86.75616149999999
Cairo	Bahrain	263	26.270834	50.63361
Cairo	Canada	503	43.677223	-79.630556
Cairo	China	345	23.392436	113.298786
Cairo	Denmark	242	55.617917	12.655972
Cairo	Egypt	70	26.4246725	33.253009500000005
Cairo	France	152	47.07319475	2.32118025
Cairo	Germany	256	51.515808	10.1492445
Cairo	Greece	129	37.936358	23.944467
Cairo	Hong Kong	239	22.308919	113.914603
Cairo	Ireland	308	52.63130099999999	-7.380593
Cairo	Italy	602	41.804475	12.250797
Cairo	Jordan	131	31.722556	35.993214
Cairo	Kuwait	145	29.226567	47.968928
Cairo	Malaysia	265	2.9380805	101.629625
Cairo	Poland	301	52.16575	20.967122
Cairo	Romania	275	44.572161	26.102178
Cairo	Russia	244	55.657594666666675	37.52739533333334
Cairo	Saudi Arabia	142	24.755531	43.201918500000005
Cairo	Spain	253	41.297078	2.078464
Cairo	Sweden	445	59.651944	17.918611
Cairo	Switzerland	325	46.238064	6.10895
Cairo	United Arab Emirates	138	25.252778	55.364444
Cairo	United Kingdom	247	51.792415600000005	-0.6665456000000001
Cairo	United States	432	36.07177119999999	-93.17152519999999
Copenhagen	Australia	757	-34.4455555	144.85388899999998
Copenhagen	Austria	104	47.631549666666665	15.004561
Copenhagen	Bosnia and Herzegovina	206	43.824583	18.331467
Copenhagen	Bulgaria	224	42.695194	23.406167
Copenhagen	Canada	1370	43.677223	-79.630556
Copenhagen	China	409	40.080111	116.584556
Copenhagen	Croatia	164	44.4959384	16.125191199999996
Copenhagen	Cyprus	496	34.875117	33.62485
Copenhagen	Czech Republic	73	50.100833	14.26
Copenhagen	Denmark	34	57.092789	9.849164
Copenhagen	Estonia	80	59.413317	24.832844
Copenhagen	Finland	57	60.8656845	24.283862499999998
Copenhagen	France	73	45.57787942857143	4.132868
Copenhagen	Germany	35	50.515857454545454	10.150476454545455
Copenhagen	Ghana	511	5.605186	-0.166786
Copenhagen	Greece	207	37.875664199999996	24.7371162
Copenhagen	Greenland	331	65.60394550000001	-51.1836945
Copenhagen	Hong Kong	362	22.308919	113.914603
Copenhagen	Hungary	77	47.436933	19.255592
Copenhagen	Iceland	95	64.0575	-22.273056
Copenhagen	India	672	28.5665	77.103088
Copenhagen	Indonesia	618	-8.748169	115.167172
Copenhagen	Ireland	67	53.421333	-6.270075
Copenhagen	Italy	70	43.31984455555556	11.347906555555557
Copenhagen	Japan	380	35.2505674	138.47008333333335
Copenhagen	Kenya	462	-1.319167	36.9275
Copenhagen	Latvia	75	56.923611	23.971111
Copenhagen	Lebanon	255	33.820931	35.488389
Copenhagen	Luxembourg	140	49.626575	6.211517
Copenhagen	Macedonia	138	41.961622	21.621381
Copenhagen	Malta	160	35.857497	14.4775
Copenhagen	Montenegro	228	42.359392	19.251894
Copenhagen	Morocco	181	32.4871765	-7.8131335
Copenhagen	Netherlands	34	51.879376	5.0692085
Copenhagen	Norway	48	61.54625116666666	9.584085833333333
Copenhagen	Pakistan	409	33.616653	73.099233
Copenhagen	Poland	70	52.1967	20.046325500000002
Copenhagen	Portugal	184	37.97101575	-10.8258005
Copenhagen	Romania	177	44.572161	26.102178
Copenhagen	Russia	122	56.78854675	35.749448
Copenhagen	Serbia	187	44.818444	20.309139
Copenhagen	Singapore	463	1.350189	103.994433
Copenhagen	Slovenia	146	46.223686	14.457611
Copenhagen	Spain	80	38.66145688000001	-4.3813418
Copenhagen	Sri Lanka	466	7.180756	79.884117
Copenhagen	Sweden	29	59.503158	17.930130499999997
Copenhagen	Switzerland	50	47.09759533333334	7.395761333333334
Copenhagen	Thailand	444	13.681108	100.747283
Copenhagen	Turkey	165	38.459717166666664	32.14275908333334
Copenhagen	Ukraine	154	50.373346999999995	30.6722095
Copenhagen	United Arab Emirates	416	25.2906765	55.440797
Copenhagen	United Kingdom	35	53.38342516666666	-1.8040149166666666
Copenhagen	United States	640	37.44223815384615	-88.51999076923076
Copenhagen	Vietnam	436	10.818797	106.651856
Edinburgh	Austria	179	48.110278	16.569722
Edinburgh	Belgium	20	50.680293000000006	4.4691305
Edinburgh	Bosnia and Herzegovina	166	43.824583	18.331467
Edinburgh	Bulgaria	757	42.695194	23.406167
Edinburgh	Canada	722	46.435556	-101.4075
Edinburgh	China	405	31.45345	118.25621875000002
Edinburgh	Costa Rica	932	9.993861	-84.208806
Edinburgh	Croatia	300	42.561353	18.268244
Edinburgh	Czech Republic	62	50.100833	14.26
Edinburgh	Denmark	48	56.15034266666667	10.552304666666666
Edinburgh	Egypt	388	30.121944	31.405556
Edinburgh	Estonia	180	59.413317	24.832844
Edinburgh	Finland	196	60.8656845	24.283862499999998
Edinburgh	France	68	46.14942514285715	2.0007592857142855
Edinburgh	Germany	25	50.57829953333333	10.038545333333333
Edinburgh	Greece	215	38.397443499999994	22.744190500000002
Edinburgh	Guernsey	116	49.434956	-2.601969
Edinburgh	Hungary	877	47.436933	19.255592
Edinburgh	Ireland	32	52.65485999999999	-7.8953343333333335
Edinburgh	Isle of Man	74	54.083333	-4.623889
Edinburgh	Italy	47	44.09547999999999	10.595200076923078
Edinburgh	Japan	619	35.65849	140.0830415
Edinburgh	Jersey	107	49.207947	-2.195508
Edinburgh	Latvia	227	56.923611	23.971111
Edinburgh	Lithuania	159	55.3036805	23.189811499999998
Edinburgh	Malta	83	35.857497	14.4775
Edinburgh	Mexico	1035	20.522403	-86.925644
Edinburgh	Morocco	582	33.367467	-7.589967
Edinburgh	Netherlands	55	52.1327785	4.6005555000000005
Edinburgh	Norway	19	59.69031	10.6794945
Edinburgh	Poland	87	51.87303583333334	19.0871095
Edinburgh	Portugal	169	39.014597	-8.594406333333334
Edinburgh	Romania	190	44.572161	26.102178
Edinburgh	South Africa	911	-33.964806	18.601667
Edinburgh	South Korea	464	37.513693	126.6205515
Edinburgh	Spain	59	38.10326508333333	-3.1768947499999993
Edinburgh	Sweden	19	58.469534499999995	14.74524775
Edinburgh	Switzerland	64	47.189377	7.684112750000001
Edinburgh	Thailand	918	13.681108	100.747283
Edinburgh	Turkey	146	39.591401999999995	29.641428666666666
Edinburgh	United Kingdom	31	53.117415449999996	-1.9699018
Edinburgh	United States	1104	32.8719695	-96.9448875
Edinburgh	Venezuela	823	9.749067	-63.1534
Frankfurt	Albania	836	41.414742	19.720561
Frankfurt	Angola	822	-8.858375	13.231178
Frankfurt	Argentina	3490	-34.822222	-58.535833
Frankfurt	Australia	615	-34.51990733333333	137.32916633333332
Frankfurt	Austria	206	46.991067	15.439628
Frankfurt	Brazil	555	-18.18878966666667	-42.842331333333334
Frankfurt	Bulgaria	119	42.963633	25.6156365
Frankfurt	Canada	618	47.0597915	-97.07191662499999
Frankfurt	Chile	1979	-33.392975	-70.785803
Frankfurt	China	445	35.2156872	118.3126424
Frankfurt	Colombia	1235	4.701594	-74.146947
Frankfurt	Croatia	152	43.813390166666665	16.112268
Frankfurt	Cuba	322	22.989153	-82.409086
Frankfurt	Cyprus	159	34.875117	33.62485
Frankfurt	Czech Republic	524	50.100833	14.26
Frankfurt	Denmark	115	55.617917	12.655972
Frankfurt	Dominican Republic	927	18.918310333333334	-69.53412966666667
Frankfurt	Egypt	194	28.6501305	32.602496
Frankfurt	Estonia	112	59.413317	24.832844
Frankfurt	Ethiopia	317	8.977889	38.799319
Frankfurt	Finland	93	60.68286366666666	24.510352666666666
Frankfurt	France	40	45.906912875	3.243085625
Frankfurt	Germany	50	50.97829733333334	10.2303396
Frankfurt	Greece	93	37.821083249999994	24.11276658333333
Frankfurt	Hungary	134	47.436933	19.255592
Frankfurt	Iceland	722	63.985	-22.605556
Frankfurt	India	365	20.911711166666667	77.35013583333334
Frankfurt	Iraq	301	36.237611	43.963158
Frankfurt	Ireland	90	53.421333	-6.270075
Frankfurt	Israel	1015	32.011389	34.886667
Frankfurt	Italy	64	42.55085876190476	11.745318571428573
Frankfurt	Japan	509	34.4347222	135.244167
Frankfurt	Kazakhstan	1551	43.352072	77.040508
Frankfurt	Latvia	87	56.923611	23.971111
Frankfurt	Lebanon	864	33.820931	35.488389
Frankfurt	Lithuania	96	54.74406166666666	24.885437333333332
Frankfurt	Maldives	399	4.191833	73.529128
Frankfurt	Malta	140	35.857497	14.4775
Frankfurt	Mauritius	8225	-20.430235	57.6836
Frankfurt	Montenegro	207	42.359392	19.251894
Frankfurt	Morocco	122	33.9234662	-5.9098648
Frankfurt	Nepal	506	27.696583	85.3591
Frankfurt	Netherlands	433	52.308613	4.763889
Frankfurt	Norway	73	62.362525000000005	12.9762575
Frankfurt	Peru	1869	-12.021889	-77.114319
Frankfurt	Poland	89	52.237590142857144	19.323240714285713
Frankfurt	Portugal	125	38.956275500000004	-8.729784500000001
Frankfurt	Romania	118	44.572161	26.102178
Frankfurt	Russia	140	56.061866	47.50982512499999
Frankfurt	Serbia	250	44.818444	20.309139
Frankfurt	Singapore	382	1.350189	103.994433
Frankfurt	South Korea	2119	37.469075	126.450517
Frankfurt	Spain	39	38.13608222222223	-4.474967481481482
Frankfurt	Sri Lanka	382	7.180756	79.884117
Frankfurt	Sweden	64	58.79678640000001	15.667702
Frankfurt	Switzerland	89	47.464722	8.549167
Frankfurt	Tanzania	745	-6.878111	39.202625
Frankfurt	Thailand	382	13.681108	100.747283
Frankfurt	Tunisia	90	36.075833	10.438611
Frankfurt	Turkey	76	38.68658991666666	34.18337291666666
Frankfurt	Ukraine	135	48.4142305	30.563080499999998
Frankfurt	United Kingdom	69	52.83804107142858	-1.58914
Frankfurt	United States	359	36.30680185185185	-96.99415851851852
Frankfurt	Vietnam	444	16.0199945	106.22951699999999
Geneva	Australia	1161	-37.673333	144.843333
Geneva	Austria	775	48.110278	16.569722
Geneva	Belgium	29	50.901389	4.484444
Geneva	Cayman Islands	2052	19.292778	-81.35775
Geneva	China	375	31.736273500000003	114.94167100000001
Geneva	Croatia	543	43.8236065	15.8223305
Geneva	Cyprus	193	34.875117	33.62485
Geneva	Denmark	116	55.617917	12.655972
Geneva	Egypt	289	29.049583	32.900139
Geneva	Finland	787	60.317222	24.963333
Geneva	France	37	46.3755705	2.4332386250000004
Geneva	Germany	88	51.72320728571429	10.772255142857142
Geneva	Greece	146	38.02636157142857	23.941807999999998
Geneva	Guernsey	293	49.434956	-2.601969
Geneva	Hungary	17	47.436933	19.255592
Geneva	India	828	17.453117	78.467586
Geneva	Ireland	82	53.421333	-6.270075
Geneva	Israel	75	32.011389	34.886667
Geneva	Italy	77	41.861813749999996	11.98695125
Geneva	Latvia	133	56.923611	23.971111
Geneva	Lebanon	568	33.820931	35.488389
Geneva	Lithuania	308	54.634133	25.285767
Geneva	Malaysia	821	2.745578	101.709917
Geneva	Mauritius	580	-20.430235	57.6836
Geneva	Netherlands	48	52.308613	4.763889
Geneva	Panama	2946	9.071364	-79.383453
Geneva	Portugal	94	39.014597	-8.594406333333334
Geneva	Romania	46	44.572161	26.102178
Geneva	Russia	662	55.972642	37.414589
Geneva	Saudi Arabia	376	21.679564	39.156536
Geneva	Singapore	482	1.350189	103.994433
Geneva	South Africa	409	-26.139166	28.246
Geneva	South Korea	866	37.469075	126.450517
Geneva	Spain	34	36.96335228571428	-5.852794642857142
Geneva	Sweden	85	58.65739	15.099215
Geneva	Switzerland	240	47.464722	8.549167
Geneva	Thailand	462	10.897154	99.5320775
Geneva	United Kingdom	38	52.89051136842105	-1.785422684210526
Geneva	United States	1654	42.044400333333336	-110.1090765
Helsinki	Austria	303	48.110278	16.569722
Helsinki	Bulgaria	417	42.569583	27.515236
Helsinki	Croatia	190	43.94774266666667	16.878328666666665
Helsinki	Cyprus	908	34.875117	33.62485
Helsinki	Czech Republic	67	50.100833	14.26
Helsinki	Denmark	136	55.617917	12.655972
Helsinki	Estonia	57	58.307461	26.690428
Helsinki	Finland	34	63.456264399999995	24.6342796
Helsinki	France	76	45.68910066666666	4.398795666666667
Helsinki	Germany	100	50.49174716666666	10.655726833333333
Helsinki	Greece	207	37.5904148	24.213231200000003
Helsinki	Hong Kong	1333	22.308919	113.914603
Helsinki	Hungary	713	47.436933	19.255592
Helsinki	Ireland	72	53.421333	-6.270075
Helsinki	Israel	1150	32.011389	34.886667
Helsinki	Italy	127	42.21837091666667	12.248869750000003
Helsinki	Latvia	437	56.923611	23.971111
Helsinki	Lithuania	95	54.634133	25.285767
Helsinki	Mexico	1158	19.436303	-99.072097
Helsinki	Morocco	202	31.606886	-8.0363
Helsinki	Netherlands	87	52.308613	4.763889
Helsinki	Norway	34	59.69031	10.6794945
Helsinki	Peru	1392	-12.021889	-77.114319
Helsinki	Poland	86	50.077731	19.784836
Helsinki	Portugal	226	38.956275500000004	-8.729784500000001
Helsinki	Romania	199	44.572161	26.102178
Helsinki	Russia	93	53.07428733333333	35.877893666666665
Helsinki	Slovenia	168	46.223686	14.457611
Helsinki	Spain	119	38.10741715789475	-4.76813352631579
Helsinki	Sweden	39	58.325872000000004	14.159416333333333
Helsinki	Switzerland	169	47.055836	7.7357613333333335
Helsinki	Thailand	805	13.681108	100.747283
Helsinki	Turkey	119	38.9378265	29.807533499999998
Helsinki	Ukraine	97	48.580740666666664	31.921527666666666
Helsinki	United Kingdom	84	51.96594266666667	-0.8168389999999999
Helsinki	United States	687	36.3776026	-104.22536619999998
Helsinki	Vietnam	457	21.221192	105.807178
Istanbul	Afghanistan	263	34.565853	69.212328
Istanbul	Australia	622	-37.673333	144.843333
Istanbul	Austria	116	47.951791	14.7870275
Istanbul	Azerbaijan	178	40.7377	46.3176
Istanbul	Bahrain	127	26.270834	50.63361
Istanbul	Bangladesh	202	23.046472	91.1055335
Istanbul	Belgium	505	50.901389	4.484444
Istanbul	Bosnia and Herzegovina	134	43.824583	18.331467
Istanbul	Canada	626	45.917315	-88.77453666666666
Istanbul	China	315	33.817664	119.60807433333333
Istanbul	Colombia	3267	4.701594	-74.146947
Istanbul	Croatia	151	44.152142	17.168511
Istanbul	Cyprus	45	35.06150566666667	33.53901666666666
Istanbul	Czech Republic	313	50.100833	14.26
Istanbul	Denmark	64	55.617917	12.655972
Istanbul	Dominican Republic	1634	18.567367	-68.363431
Istanbul	Egypt	145	28.412026666666666	31.944704333333334
Istanbul	Estonia	196	59.413317	24.832844
Istanbul	Finland	79	60.317222	24.963333
Istanbul	France	58	46.4102745	3.466025125
Istanbul	Georgia	56	41.639722500000005	43.277208
Istanbul	Germany	47	51.03105263636364	9.11978790909091
Istanbul	Greece	70	37.77580028571428	23.95915042857143
Istanbul	Hong Kong	2384	22.308919	113.914603
Istanbul	Hungary	195	47.436933	19.255592
Istanbul	India	215	18.676276833333333	75.71430033333333
Istanbul	Indonesia	2769	-6.125567	106.655897
Istanbul	Iran	103	35.416111	51.152222
Istanbul	Iraq	184	33.83060566666666	44.20063433333333
Istanbul	Ireland	530	53.421333	-6.270075
Istanbul	Israel	59	32.011389	34.886667
Istanbul	Italy	87	44.046253444444446	9.865192555555558
Istanbul	Japan	365	35.764722	140.386389
Istanbul	Jersey	184	49.207947	-2.195508
Istanbul	Jordan	256	31.722556	35.993214
Istanbul	Kazakhstan	364	43.352072	77.040508
Istanbul	Kenya	486	-1.319167	36.9275
Istanbul	Kuwait	134	29.226567	47.968928
Istanbul	Kyrgyzstan	263	41.835147500000005	73.6354125
Istanbul	Lebanon	136	33.820931	35.488389
Istanbul	Macedonia	56	41.961622	21.621381
Istanbul	Malaysia	1166	2.745578	101.709917
Istanbul	Maldives	193	4.191833	73.529128
Istanbul	Mexico	2896	19.436303	-99.072097
Istanbul	Morocco	756	33.709467000000004	-7.170743
Istanbul	Nepal	206	27.696583	85.3591
Istanbul	Netherlands	51	51.879376	5.0692085
Istanbul	Nigeria	327	9.006792	7.263172
Istanbul	Norway	96	59.89133533333333	8.859043666666667
Istanbul	Oman	111	20.3159985	56.1878705
Istanbul	Pakistan	216	30.3155055	71.51076025
Istanbul	Poland	372	51.1217405	20.375979
Istanbul	Portugal	288	40.014683000000005	-8.908653999999999
Istanbul	Qatar	130	25.261125	51.565056
Istanbul	Romania	57	44.572161	26.102178
Istanbul	Russia	108	53.38322942857144	49.88978828571429
Istanbul	Saudi Arabia	136	23.918950555555554	42.45364166666667
Istanbul	Serbia	56	44.818444	20.309139
Istanbul	Singapore	2452	1.350189	103.994433
Istanbul	South Africa	725	-33.964806	18.601667
Istanbul	Spain	143	40.448081333333334	0.4131593333333332
Istanbul	Sri Lanka	228	7.180756	79.884117
Istanbul	Sudan	170	15.589497	32.553161
Istanbul	Sweden	78	59.651944	17.918611
Istanbul	Switzerland	53	46.882712500000004	7.0740585000000005
Istanbul	Tajikistan	268	38.543333	68.825
Istanbul	Thailand	475	13.681108	100.747283
Istanbul	Tunisia	931	36.851033	10.227217
Istanbul	Turkey	16	38.20702058333333	35.444310916666666
Istanbul	Ukraine	55	48.91653279999999	31.911401
Istanbul	United Arab Emirates	101	25.004775	55.17757733333334
Istanbul	United Kingdom	86	52.63880555555556	-1.2472905555555558
Istanbul	United States	591	38.86379749999999	-95.01714135714288
Kiev	Afghanistan	261	34.565853	69.212328
Kiev	Armenia	165	40.147275	44.395881
Kiev	Austria	159	48.110278	16.569722
Kiev	Azerbaijan	261	40.4675	50.046667
Kiev	Bahrain	181	26.270834	50.63361
Kiev	Bangladesh	231	23.046472	91.1055335
Kiev	Canada	2289	45.470556	-73.740833
Kiev	China	2034	30.578528	103.947086
Kiev	Cyprus	190	34.875117	33.62485
Kiev	Czech Republic	293	50.100833	14.26
Kiev	Egypt	523	30.121944	31.405556
Kiev	Finland	325	60.317222	24.963333
Kiev	France	213	46.13252566666667	4.952235000000001
Kiev	Georgia	51	41.92291	43.7186525
Kiev	Germany	58	50.21881316666667	9.768568
Kiev	Greece	132	37.931934	24.031904666666666
Kiev	Hungary	50	47.436933	19.255592
Kiev	India	262	19.036818285714283	76.561557
Kiev	Indonesia	1249	-8.748169	115.167172
Kiev	Iraq	265	34.114639	44.1836625
Kiev	Ireland	724	53.421333	-6.270075
Kiev	Israel	175	32.011389	34.886667
Kiev	Italy	58	44.64296675	10.856531
Kiev	Jordan	225	31.722556	35.993214
Kiev	Kazakhstan	174	43.352072	77.040508
Kiev	Kenya	220	-1.319167	36.9275
Kiev	Kuwait	160	29.226567	47.968928
Kiev	Kyrgyzstan	292	41.835147500000005	73.6354125
Kiev	Lebanon	201	33.820931	35.488389
Kiev	Lithuania	119	54.634133	25.285767
Kiev	Maldives	319	4.191833	73.529128
Kiev	Morocco	933	33.367467	-7.589967
Kiev	Nepal	236	27.696583	85.3591
Kiev	Netherlands	300	52.308613	4.763889
Kiev	Norway	119	60.193917	11.100361
Kiev	Oman	164	20.3159985	56.1878705
Kiev	Pakistan	201	29.215123000000002	70.98126933333333
Kiev	Poland	34	51.320001500000004	20.023570499999998
Kiev	Portugal	243	38.781311	-9.135919
Kiev	Russia	80	55.4385688	58.4166521
Kiev	Saudi Arabia	216	23.32560228571429	42.95591742857143
Kiev	South Africa	1227	-33.964806	18.601667
Kiev	South Korea	1416	37.469075	126.450517
Kiev	Spain	297	36.12403833333334	-5.050238333333334
Kiev	Sri Lanka	263	7.180756	79.884117
Kiev	Sweden	153	59.651944	17.918611
Kiev	Tajikistan	301	38.543333	68.825
Kiev	Thailand	437	13.681108	100.747283
Kiev	Turkmenistan	339	37.986814	58.360967
Kiev	Ukraine	50	46.61207033333333	33.25071966666666
Kiev	United Arab Emirates	149	25.2906765	55.440797
Kiev	United Kingdom	60	52.325971428571435	-0.6709055714285714
Kiev	United States	446	36.9817584	-94.5061734
Kiev	Uzbekistan	187	41.257861	69.281186
Lisbon	Angola	989	-8.858375	13.231178
Lisbon	Australia	489	-33.946111	151.177222
Lisbon	Austria	147	47.751231749999995	15.39585125
Lisbon	Belgium	96	50.901389	4.484444
Lisbon	Brazil	465	-23.261449	-45.994497599999995
Lisbon	Canada	1720	49.193889	-123.184444
Lisbon	Croatia	190	42.561353	18.268244
Lisbon	Cyprus	344	34.875117	33.62485
Lisbon	Czech Republic	103	50.100833	14.26
Lisbon	Denmark	127	55.617917	12.655972
Lisbon	Finland	558	60.317222	24.963333
Lisbon	France	47	46.016650600000006	2.9770353000000003
Lisbon	Germany	84	51.38597027272727	10.394815636363637
Lisbon	Greece	130	36.56049866666667	25.736985333333333
Lisbon	Hungary	100	47.436933	19.255592
Lisbon	India	1121	28.5665	77.103088
Lisbon	Ireland	80	52.63130099999999	-7.380593
Lisbon	Israel	355	32.011389	34.886667
Lisbon	Italy	35	42.69297727272727	11.551243363636363
Lisbon	Malta	164	35.857497	14.4775
Lisbon	Moldova	651	46.927744	28.930978
Lisbon	Morocco	131	31.606886	-8.0363
Lisbon	Mozambique	686	-25.920836	32.572606
Lisbon	Netherlands	43	51.879376	5.0692085
Lisbon	Norway	55	59.89133533333333	8.859043666666667
Lisbon	Poland	191	52.16575	20.967122
Lisbon	Portugal	43	35.67311	-13.935272333333335
Lisbon	Romania	130	44.572161	26.102178
Lisbon	Russia	168	56.211757999999996	42.489706428571424
Lisbon	Sao Tome and Principe	513	0.378175	6.712153
Lisbon	Singapore	1265	1.350189	103.994433
Lisbon	Slovenia	535	46.223686	14.457611
Lisbon	Spain	33	38.54478184615385	-4.649948653846154
Lisbon	Sweden	151	59.651944	17.918611
Lisbon	Switzerland	34	47.09759533333334	7.395761333333334
Lisbon	Thailand	1298	13.681108	100.747283
Lisbon	Turkey	295	40.976922	28.814606
Lisbon	Ukraine	151	50.186398	28.433510000000002
Lisbon	United Kingdom	57	52.86805900000001	-2.1318140624999997
Lisbon	United States	326	41.598554	-82.84117780000001
Lisbon	Vietnam	397	21.221192	105.807178
Ljubljana	Belgium	30	50.680293000000006	4.4691305
Ljubljana	Bosnia and Herzegovina	108	43.824583	18.331467
Ljubljana	Denmark	740	55.617917	12.655972
Ljubljana	France	426	49.012779	2.55
Ljubljana	Ireland	775	53.421333	-6.270075
Ljubljana	Israel	1113	32.011389	34.886667
Ljubljana	Latvia	672	56.923611	23.971111
Ljubljana	Poland	390	52.16575	20.967122
Ljubljana	Portugal	306	38.781311	-9.135919
Ljubljana	Spain	872	41.297078	2.078464
Ljubljana	Sweden	432	58.65739	15.099215
Ljubljana	Thailand	817	13.681108	100.747283
Ljubljana	Turkey	115	40.9377375	29.0619125
Ljubljana	United Kingdom	58	51.8739156	-0.5272678000000001
London	Afghanistan	417	34.565853	69.212328
London	Albania	112	41.414742	19.720561
London	Algeria	316	36.691014	3.215408
London	Angola	1913	-8.858375	13.231178
London	Antigua and Barbuda	1231	17.136749	-61.792667
London	Argentina	522	-32.26489925	-60.24336025
London	Armenia	260	40.147275	44.395881
London	Aruba	593	12.501389	-70.015221
London	Australia	549	-28.97730543	143.5769603
London	Austria	59	47.616772875	14.307119
London	Azerbaijan	180	40.4675	50.046667
London	Belgium	63	50.901389	4.484444
London	Bosnia and Herzegovina	151	43.824583	18.331467
London	Brazil	457	-19.571614999999994	-44.15165672727273
London	Bulgaria	61	42.832283	26.248836333333333
London	Burma	821	16.907305	96.133222
London	Cambodia	408	11.546556	104.844139
London	Canada	290	47.619598999999994	-95.62663590909091
London	Cape Verde	590	16.833689	-25.054661
London	China	344	31.43284910526316	115.47066321052633
London	Colombia	791	4.701594	-74.146947
London	Costa Rica	892	9.993861	-84.208806
London	Croatia	59	44.228694714285716	15.82458657142857
London	Cuba	434	22.989153	-82.409086
London	Cyprus	85	34.915952	33.202227
London	Czech Republic	42	49.64946466666667	16.355161999999996
London	Denmark	17	56.18776125	10.5689805
London	Dominican Republic	619	18.567367	-68.363431
London	Ecuador	905	-0.141144	-78.488214
London	Egypt	150	28.27330825	32.32928275
London	El Salvador	1220	13.440947	-89.055728
London	Estonia	82	59.413317	24.832844
London	Finland	56	62.33281260000001	24.2247288
London	France	21	45.428328156250004	2.0999062187499997
London	French Polynesia	2239	-16.444378	-151.751286
London	Gambia	318	13.337961	-16.652206
London	Georgia	178	41.669167	44.954722
London	Germany	17	50.944885850000006	10.109974949999998
London	Ghana	297	5.605186	-0.166786
London	Gibraltar	105	36.151219	-5.349664
London	Greece	69	38.01865506250001	23.201699062499998
London	Grenada	422	12.004247	-61.786192
London	Guernsey	81	49.50274475	-2.5051572500000003
London	Hong Kong	342	22.308919	113.914603
London	Hungary	45	47.204079666666665	19.343327
London	Iceland	79	63.985	-22.605556
London	India	294	19.61571558333333	77.11287524999999
London	Indonesia	509	-8.748169	115.167172
London	Iran	224	35.416111	51.152222
London	Iraq	334	35.020316666666666	44.50414533333333
London	Ireland	19	52.811150999999995	-8.4056556
London	Isle of Man	43	54.083333	-4.623889
London	Israel	148	32.011389	34.886667
London	Italy	27	42.676959034482756	11.990368103448272
London	Jamaica	494	18.219692000000002	-77.350429
London	Japan	397	34.9315246	136.701348
London	Jersey	49	49.207947	-2.195508
London	Jordan	357	31.722556	35.993214
London	Kenya	380	-1.319167	36.9275
London	Kuwait	1022	29.226567	47.968928
London	Kyrgyzstan	300	43.061306	74.477556
London	Latvia	85	56.923611	23.971111
London	Lebanon	214	33.820931	35.488389
London	Libya	259	32.663544	13.159011
London	Lithuania	48	54.799026	24.6852725
London	Luxembourg	60	49.626575	6.211517
London	Macedonia	452	41.179956	20.742325
London	Madagascar	550	-18.79695	47.478806
London	Malawi	1052	-15.679053	34.974014
London	Malaysia	412	3.69714725	101.81554525
London	Maldives	411	4.191833	73.529128
London	Malta	61	35.857497	14.4775
London	Mexico	1012	20.716677400000002	-96.333593
London	Moldova	162	46.927744	28.930978
London	Mongolia	652	47.843056	106.766639
London	Montenegro	281	42.404664	18.723286
London	Morocco	102	33.204116857142864	-7.2012730000000005
London	Nepal	327	27.696583	85.3591
London	Netherlands	21	51.905232000000005	4.858546333333334
London	New Zealand	614	-40.248707	173.661946
London	Nigeria	330	5.870057999999999	4.7604765
London	Norway	19	62.39395975	10.622158833333334
London	Oman	942	23.593278	58.284444
London	Pakistan	266	31.314855	72.108421
London	Panama	812	9.071364	-79.383453
London	Peru	587	-14.1814805	-74.348701
London	Philippines	411	14.508647	121.019581
London	Poland	23	51.851974545454546	19.001952909090907
London	Portugal	59	36.56301320000001	-11.7815294
London	Qatar	627	25.261125	51.565056
London	Romania	71	46.326641714285714	24.80068
London	Russia	56	54.91440433333333	39.61056141666666
London	Saint Lucia	1226	13.733194	-60.952597
London	Saudi Arabia	319	21.63928375	41.91711825
London	Serbia	53	43.695611	20.672486
London	Singapore	412	1.350189	103.994433
London	Slovakia	32	48.416611	19.2268895
London	Slovenia	84	46.223686	14.457611
London	South Africa	357	-27.3100588	26.8137088
London	South Korea	445	36.50194175	126.546162
London	Spain	48	38.00596311764705	-5.10106961764706
London	Sri Lanka	344	7.180756	79.884117
London	Sweden	22	58.12970975	15.401933625
London	Switzerland	39	47.0517215	7.421109250000001
London	Taiwan	458	25.0737265	121.392661
London	Tanzania	412	-5.509847333333333	38.50065733333333
London	Thailand	318	11.981004333333333	99.63751966666666
London	Trinidad and Tobago	269	10.595369	-61.337242
London	Tunisia	119	36.851033	10.227217
London	Turkey	115	38.4893231875	32.1985793125
London	Ukraine	91	48.9309255	32.902386
London	United Arab Emirates	195	25.252778	55.364444
London	United Kingdom	28	54.97923250000001	-3.6193610625
London	United States	286	35.25914062962962	-95.67626866666662
London	Uruguay	552	-34.838417	-56.030806
London	Uzbekistan	218	41.257861	69.281186
London	Venezuela	846	9.749067	-63.1534
London	Vietnam	399	16.0199945	106.22951699999999
London	Virgin Islands	1352	18.337306	-64.973361
London	Yemen	416	12.829542	45.028792
London	Zambia	408	-15.330817	28.452628
London	Zimbabwe	840	-17.931806	31.092847
Lviv	Czech Republic	158	50.100833	14.26
Lviv	Georgia	78	41.669167	44.954722
Lviv	Greece	166	37.936358	23.944467
Lviv	Israel	90	32.011389	34.886667
Lviv	Italy	76	45.639503000000005	10.4612665
Lviv	Netherlands	611	52.308613	4.763889
Lviv	Russia	190	60.949272	76.483617
Lviv	Turkey	46	40.898553	29.309219
Lviv	United Kingdom	111	51.885	0.235
Madeira	Belgium	217	50.901389	4.484444
Madeira	France	102	47.153189	-1.610725
Madeira	Germany	275	50.734307333333334	10.613524
Madeira	Italy	148	45.4156835	8.188871
Madeira	Portugal	47	39.25685	-14.505059333333335
Madeira	Russia	397	55.408611	37.906111
Madeira	United Kingdom	77	51.88658614285714	-1.0147794285714284
Madrid	Algeria	331	36.691014	3.215408
Madrid	Argentina	629	-34.690698499999996	-58.4757195
Madrid	Australia	754	-37.8563885	144.6563885
Madrid	Austria	137	48.110278	16.569722
Madrid	Belgium	22	50.680293000000006	4.4691305
Madrid	Brazil	582	-20.876723666666667	-46.453779999999995
Madrid	Bulgaria	150	42.695194	23.406167
Madrid	Canada	726	46.435556	-101.4075
Madrid	Chile	619	-33.392975	-70.785803
Madrid	China	415	31.538641666666667	117.22951866666669
Madrid	Colombia	545	4.701594	-74.146947
Madrid	Croatia	179	43.40285533333333	16.637635
Madrid	Cuba	470	22.989153	-82.409086
Madrid	Cyprus	565	34.875117	33.62485
Madrid	Czech Republic	213	50.100833	14.26
Madrid	Denmark	46	55.617917	12.655972
Madrid	Dominican Republic	892	18.567367	-68.363431
Madrid	Ecuador	940	-0.8132356666666668	-78.95332866666666
Madrid	Egypt	215	30.121944	31.405556
Madrid	El Salvador	2700	13.440947	-89.055728
Madrid	Estonia	261	59.413317	24.832844
Madrid	Finland	154	60.317222	24.963333
Madrid	France	25	46.47535781818183	3.9203954545454547
Madrid	Germany	25	51.268159000000004	9.591022933333333
Madrid	Ghana	442	5.605186	-0.166786
Madrid	Greece	142	36.703158599999995	25.607678399999998
Madrid	Hong Kong	1148	22.308919	113.914603
Madrid	Hungary	60	47.436933	19.255592
Madrid	Iceland	645	63.985	-22.605556
Madrid	India	416	28.5665	77.103088
Madrid	Indonesia	477	-6.125567	106.655897
Madrid	Iraq	476	36.237611	43.963158
Madrid	Ireland	58	53.421333	-6.270075
Madrid	Israel	567	32.011389	34.886667
Madrid	Italy	22	43.36092888888888	11.120479388888889
Madrid	Japan	449	34.904437550000004	136.57316674999998
Madrid	Kenya	428	-1.319167	36.9275
Madrid	Latvia	214	56.923611	23.971111
Madrid	Lebanon	665	33.820931	35.488389
Madrid	Lithuania	190	54.634133	25.285767
Madrid	Luxembourg	112	49.626575	6.211517
Madrid	Madagascar	1720	-18.79695	47.478806
Madrid	Malaysia	1276	2.745578	101.709917
Madrid	Malta	154	35.857497	14.4775
Madrid	Martinique	1095	14.591033	-61.003175
Madrid	Mexico	1846	21.208226999999997	-98.55674133333332
Madrid	Morocco	32	33.811507399999996	-6.4322666
Madrid	Netherlands	129	52.308613	4.763889
Madrid	New Zealand	882	-37.008056	174.791667
Madrid	Norway	23	61.01013533333333	10.936666666666667
Madrid	Paraguay	1042	-25.23985	-57.519133
Madrid	Peru	676	-12.021889	-77.114319
Madrid	Poland	82	52.1967	20.046325500000002
Madrid	Portugal	17	37.57575166666667	-11.530586999999999
Madrid	Romania	84	45.722396333333336	23.708735333333333
Madrid	Russia	170	56.276773857142864	46.31488342857143
Madrid	Serbia	403	42.572778	21.035833
Madrid	Singapore	477	1.350189	103.994433
Madrid	South Africa	431	-30.051986	23.4238335
Madrid	South Korea	1267	37.469075	126.450517
Madrid	Spain	19	37.97259016129032	-5.45756912903226
Madrid	Sweden	133	58.65739	15.099215
Madrid	Switzerland	35	47.189377	7.684112750000001
Madrid	Thailand	656	10.897154	99.5320775
Madrid	Tunisia	135	36.851033	10.227217
Madrid	Turkey	553	39.634657000000004	27.9857795
Madrid	Ukraine	145	49.4661922	29.374343200000006
Madrid	United Arab Emirates	537	25.252778	55.364444
Madrid	United Kingdom	41	52.974089000000006	-2.0242043888888883
Madrid	United States	439	37.492365333333325	-91.81215646666669
Madrid	Uzbekistan	234	41.257861	69.281186
Madrid	Venezuela	562	10.603117	-66.990583
Madrid	Vietnam	451	10.818797	106.651856
Marseille	Austria	435	48.110278	16.569722
Marseille	Belgium	36	50.75399166666667	4.474235
Marseille	Canada	2739	45.3225	-75.669167
Marseille	Croatia	36	43.334811	16.8074705
Marseille	Czech Republic	190	50.100833	14.26
Marseille	Finland	640	60.317222	24.963333
Marseille	France	25	46.032262153846155	3.4635029230769216
Marseille	Gabon	2025	0.4586	9.412283
Marseille	Germany	114	50.638231625	9.730485
Marseille	Greece	140	36.56049866666667	25.736985333333333
Marseille	Hungary	438	47.436933	19.255592
Marseille	India	514	19.088686	72.867919
Marseille	Ireland	43	53.421333	-6.270075
Marseille	Italy	34	42.569863	11.544492272727274
Marseille	Lebanon	1285	33.820931	35.488389
Marseille	Malta	41	35.857497	14.4775
Marseille	Morocco	34	33.5480462	-5.855946
Marseille	Netherlands	78	52.308613	4.763889
Marseille	Poland	516	52.16575	20.967122
Marseille	Portugal	47	38.956275500000004	-8.729784500000001
Marseille	Reunion	957	-20.8871	55.510308
Marseille	Romania	131	44.572161	26.102178
Marseille	Russia	147	56.693269	35.711172250000004
Marseille	South Africa	937	-26.139166	28.246
Marseille	Spain	15	39.18668739130435	-4.434123608695653
Marseille	Sweden	233	59.503158	17.930130499999997
Marseille	Switzerland	160	46.238064	6.10895
Marseille	Turkey	81	40.9377375	29.0619125
Marseille	Ukraine	148	50.373346999999995	30.6722095
Marseille	United Kingdom	26	52.742675	-1.4874782000000002
Marseille	United States	1668	33.942536	-118.408075
Milan	Albania	72	41.414742	19.720561
Milan	Australia	597	-35.3997915	139.11423575
Milan	Austria	71	47.631549666666665	15.004561
Milan	Belgium	17	50.680293000000006	4.4691305
Milan	Bosnia and Herzegovina	119	43.824583	18.331467
Milan	Brazil	339	-10.832201	-39.00797333333333
Milan	Bulgaria	44	42.632388500000005	25.4607015
Milan	Canada	666	43.677223	-79.630556
Milan	China	326	31.736273500000003	114.94167100000001
Milan	Colombia	953	4.701594	-74.146947
Milan	Croatia	93	43.94774266666667	16.878328666666665
Milan	Cyprus	176	34.875117	33.62485
Milan	Czech Republic	25	49.626051000000004	15.4772165
Milan	Denmark	34	55.6791195	10.903875
Milan	Ecuador	1319	-2.157419	-79.883558
Milan	Egypt	116	30.5198065	30.550982
Milan	Estonia	127	59.413317	24.832844
Milan	Finland	51	60.640683249999995	23.948466500000002
Milan	France	25	46.09078075	2.5299838333333335
Milan	Germany	23	51.411406222222226	10.172242722222222
Milan	Ghana	465	5.605186	-0.166786
Milan	Greece	27	37.69636436363636	23.61736936363636
Milan	Hungary	24	47.436933	19.255592
Milan	India	396	28.5665	77.103088
Milan	Ireland	58	53.421333	-6.270075
Milan	Israel	88	32.011389	34.886667
Milan	Italy	20	40.85992705882353	12.864172000000002
Milan	Japan	375	35.65849	140.0830415
Milan	Kuwait	209	29.226567	47.968928
Milan	Lebanon	240	33.820931	35.488389
Milan	Lithuania	41	54.634133	25.285767
Milan	Luxembourg	43	49.626575	6.211517
Milan	Macedonia	154	41.961622	21.621381
Milan	Malaysia	1157	2.745578	101.709917
Milan	Malta	45	35.857497	14.4775
Milan	Mexico	1800	20.058193	-102.16313199999999
Milan	Moldova	101	46.927744	28.930978
Milan	Morocco	85	32.4871765	-7.8131335
Milan	Netherlands	16	52.208853999999995	5.288770749999999
Milan	Norway	33	59.89133533333333	8.859043666666667
Milan	Pakistan	371	33.616653	73.099233
Milan	Panama	795	9.071364	-79.383453
Milan	Poland	30	51.930933249999995	19.026004
Milan	Portugal	75	37.52929425000001	-10.5332985
Milan	Romania	17	45.5323756	23.2553678
Milan	Russia	135	54.707132375	42.780835499999995
Milan	Saudi Arabia	216	24.369455	45.21773400000001
Milan	Senegal	309	14.739708	-17.490225
Milan	Serbia	72	44.818444	20.309139
Milan	Singapore	417	1.350189	103.994433
Milan	Slovakia	14	48.170167	17.212667
Milan	Slovenia	467	46.223686	14.457611
Milan	South Korea	417	37.469075	126.450517
Milan	Spain	27	38.39907675862068	-4.688244758620689
Milan	Sudan	219	15.589497	32.553161
Milan	Sweden	34	58.93884	16.2573075
Milan	Switzerland	84	46.851393	7.3290585
Milan	Tanzania	408	-6.878111	39.202625
Milan	Thailand	1101	13.681108	100.747283
Milan	Turkey	76	38.98462266666667	29.64480366666667
Milan	Ukraine	76	50.401694	30.449697
Milan	United Arab Emirates	137	25.252778	55.364444
Milan	United Kingdom	25	53.323214523809526	-2.0748397619047614
Milan	United States	472	37.6163613	-85.13604269999999
Milan	Venezuela	613	10.603117	-66.990583
Milan	Vietnam	445	16.0199945	106.22951699999999
Milan	Zimbabwe	1229	-17.931806	31.092847
Moscow	Afghanistan	249	34.565853	69.212328
Moscow	Argentina	1525	-34.822222	-58.535833
Moscow	Armenia	108	40.147275	44.395881
Moscow	Australia	497	-33.946111	151.177222
Moscow	Austria	124	47.6852485	13.956843
Moscow	Azerbaijan	155	40.4675	50.046667
Moscow	Bahrain	230	26.270834	50.63361
Moscow	Bangladesh	239	23.046472	91.1055335
Moscow	Belarus	66	53.882469	28.030731
Moscow	Belgium	122	50.901389	4.484444
Moscow	Benin	4750	6.357228	2.384353
Moscow	Brazil	563	-23.120489	-44.856578999999996
Moscow	Bulgaria	122	42.832283	26.248836333333333
Moscow	Canada	415	46.11388933333333	-92.18527766666666
Moscow	Cape Verde	1833	15.8329445	-23.221472
Moscow	China	312	28.786876124999996	114.14475975
Moscow	Colombia	941	4.701594	-74.146947
Moscow	Croatia	189	43.588705000000004	17.0402388
Moscow	Cuba	415	22.989153	-82.409086
Moscow	Cyprus	234	34.875117	33.62485
Moscow	Czech Republic	151	50.100833	14.26
Moscow	Denmark	104	55.617917	12.655972
Moscow	Dominican Republic	1026	18.567367	-68.363431
Moscow	Ecuador	1549	-0.141144	-78.488214
Moscow	Egypt	190	28.5584485	32.91504666666667
Moscow	Estonia	81	59.413317	24.832844
Moscow	Finland	142	60.317222	24.963333
Moscow	France	126	46.978041083333345	3.0706460833333336
Moscow	Georgia	191	41.669167	44.954722
Moscow	Germany	80	51.30209582352942	10.676425647058823
Moscow	Ghana	332	5.605186	-0.166786
Moscow	Greece	169	37.7247759	23.995650599999998
Moscow	Guatemala	1266	14.583272	-90.527475
Moscow	Hong Kong	253	22.308919	113.914603
Moscow	Hungary	135	47.436933	19.255592
Moscow	Iceland	683	63.985	-22.605556
Moscow	India	250	17.362001384615386	76.3060633076923
Moscow	Indonesia	637	-8.748169	115.167172
Moscow	Iran	224	35.416111	51.152222
Moscow	Iraq	275	31.991667	44.404167
Moscow	Ireland	734	53.421333	-6.270075
Moscow	Israel	222	32.011389	34.886667
Moscow	Italy	132	42.999188681818175	11.486359227272727
Moscow	Japan	302	35.65849	140.0830415
Moscow	Jordan	336	31.722556	35.993214
Moscow	Kazakhstan	189	43.352072	77.040508
Moscow	Kenya	266	-1.319167	36.9275
Moscow	Kuwait	236	29.226567	47.968928
Moscow	Kyrgyzstan	177	43.061306	74.477556
Moscow	Latvia	97	56.923611	23.971111
Moscow	Lebanon	228	33.820931	35.488389
Moscow	Lithuania	80	54.634133	25.285767
Moscow	Luxembourg	203	49.626575	6.211517
Moscow	Macedonia	205	41.961622	21.621381
Moscow	Malaysia	505	2.745578	101.709917
Moscow	Malta	241	35.857497	14.4775
Moscow	Mauritius	483	-20.430235	57.6836
Moscow	Mexico	843	20.2364155	-92.97459
Moscow	Moldova	103	46.927744	28.930978
Moscow	Montenegro	184	42.382028	18.98759
Moscow	Morocco	1055	33.367467	-7.589967
Moscow	Nepal	260	27.696583	85.3591
Moscow	Netherlands	114	52.308613	4.763889
Moscow	Norway	107	59.96698075	9.419373
Moscow	Oman	218	23.593278	58.284444
Moscow	Pakistan	244	30.478686	71.01309266666668
Moscow	Peru	1468	-12.021889	-77.114319
Moscow	Philippines	466	14.508647	121.019581
Moscow	Poland	80	51.469743666666666	20.573026666666667
Moscow	Portugal	249	39.603559000000004	-8.984409
Moscow	Qatar	228	25.261125	51.565056
Moscow	Romania	165	44.572161	26.102178
Moscow	Russia	46	53.7236583715847	70.31319725683059
Moscow	Saudi Arabia	225	23.479079750000004	42.549560375000006
Moscow	Serbia	166	44.818444	20.309139
Moscow	Singapore	392	1.350189	103.994433
Moscow	Slovenia	857	46.223686	14.457611
Moscow	South Africa	371	-26.139166	28.246
Moscow	South Korea	491	37.469075	126.450517
Moscow	Spain	148	37.82564444827586	-5.237692103448277
Moscow	Sri Lanka	314	7.180756	79.884117
Moscow	Sudan	207	15.589497	32.553161
Moscow	Sweden	98	59.651944	17.918611
Moscow	Switzerland	122	46.9991144	7.369080200000001
Moscow	Tajikistan	150	38.91346666666667	69.43971466666666
Moscow	Thailand	331	10.897154	99.5320775
Moscow	Tunisia	970	36.851033	10.227217
Moscow	Turkey	135	38.27249883333333	29.364041166666663
Moscow	Ukraine	72	47.94015475	32.095943749999996
Moscow	United Arab Emirates	164	25.278043666666665	55.415346
Moscow	United Kingdom	58	52.77433692307692	-1.507616307692308
Moscow	United States	429	36.27831199999999	-91.00918428571427
Moscow	Uzbekistan	235	41.257861	69.281186
Moscow	Vietnam	445	10.818797	106.651856
Moscow	Yemen	279	15.476258	44.219739
Munich	Argentina	3531	-34.822222	-58.535833
Munich	Australia	665	-31.940278	115.966944
Munich	Austria	60	48.110278	16.569722
Munich	Belgium	414	50.901389	4.484444
Munich	Brazil	618	-23.29055	-46.691155333333334
Munich	Bulgaria	579	42.569583	27.515236
Munich	Cape Verde	129	16.136531	-22.888897
Munich	China	510	31.736273500000003	114.94167100000001
Munich	Croatia	189	44.39927233333333	16.086404666666667
Munich	Czech Republic	517	50.100833	14.26
Munich	Denmark	119	55.617917	12.655972
Munich	Egypt	177	27.178317	33.799436
Munich	Estonia	83	59.413317	24.832844
Munich	Finland	137	60.317222	24.963333
Munich	France	68	46.0714655	3.2957922999999996
Munich	Germany	50	51.795792250000005	9.689386125
Munich	Greece	111	37.49218524999999	24.1648935
Munich	Guadeloupe	1939	16.265306	-61.531806
Munich	Hong Kong	443	22.308919	113.914603
Munich	Hungary	199	47.436933	19.255592
Munich	Iraq	233	36.237611	43.963158
Munich	Ireland	95	53.421333	-6.270075
Munich	Israel	343	32.011389	34.886667
Munich	Italy	78	42.33441474999999	11.723758625
Munich	Japan	794	34.858414	136.805408
Munich	Macedonia	230	41.961622	21.621381
Munich	Malta	199	35.857497	14.4775
Munich	Morocco	173	32.4871765	-7.8131335
Munich	Netherlands	110	52.308613	4.763889
Munich	Pakistan	458	33.616653	73.099233
Munich	Peru	1896	-12.021889	-77.114319
Munich	Poland	96	51.1936175	19.899320749999998
Munich	Portugal	141	37.603387000000005	-8.355913666666666
Munich	Romania	121	45.191011	23.7200195
Munich	Russia	132	53.46102481818182	48.46297809090909
Munich	Serbia	42	42.572778	21.035833
Munich	Singapore	434	1.350189	103.994433
Munich	South Korea	448	37.469075	126.450517
Munich	Spain	88	38.507217600000004	-5.0074979200000005
Munich	Sweden	149	59.651944	17.918611
Munich	Switzerland	80	47.464722	8.549167
Munich	Thailand	423	11.825138666666668	99.937146
Munich	Trinidad and Tobago	2323	10.595369	-61.337242
Munich	Tunisia	99	36.075833	10.438611
Munich	Turkey	73	39.2900395	35.25922883333333
Munich	Ukraine	190	47.726957999999996	32.212418
Munich	United Arab Emirates	163	25.252778	55.364444
Munich	United Kingdom	53	53.26686214285714	-2.125879857142857
Munich	United States	991	32.872407200000005	-88.51893179999999
Oslo	Argentina	1437	-34.822222	-58.535833
Oslo	Austria	129	47.73720766666667	16.193023999999998
Oslo	Belgium	30	50.680293000000006	4.4691305
Oslo	Bulgaria	307	42.695194	23.406167
Oslo	Canada	1413	46.435556	-101.4075
Oslo	China	505	35.6117445	119.194885
Oslo	Croatia	188	43.633193500000004	16.196590999999998
Oslo	Cuba	479	22.989153	-82.409086
Oslo	Czech Republic	130	50.100833	14.26
Oslo	Denmark	14	56.18776125	10.5689805
Oslo	Egypt	276	30.121944	31.405556
Oslo	El Salvador	1786	13.440947	-89.055728
Oslo	Estonia	42	59.413317	24.832844
Oslo	Finland	171	60.317222	24.963333
Oslo	France	153	45.8817365	4.3617786999999995
Oslo	Germany	14	50.98095658333333	9.515309499999999
Oslo	Greece	256	37.550305249999994	25.0454765
Oslo	Hungary	129	47.436933	19.255592
Oslo	Iceland	278	63.985	-22.605556
Oslo	India	372	21.70276766666667	76.14619766666665
Oslo	Indonesia	705	-8.748169	115.167172
Oslo	Israel	872	32.011389	34.886667
Oslo	Italy	69	43.28567553846153	11.097852230769233
Oslo	Japan	459	35.764722	140.386389
Oslo	Jordan	815	31.722556	35.993214
Oslo	Kenya	487	-2.677	38.260875
Oslo	Kyrgyzstan	361	43.061306	74.477556
Oslo	Latvia	129	56.923611	23.971111
Oslo	Lebanon	625	33.820931	35.488389
Oslo	Lithuania	25	54.634133	25.285767
Oslo	Malaysia	1311	2.745578	101.709917
Oslo	Maldives	587	4.191833	73.529128
Oslo	Malta	334	35.857497	14.4775
Oslo	Morocco	305	32.4871765	-7.8131335
Oslo	Nepal	795	27.696583	85.3591
Oslo	Netherlands	124	52.308613	4.763889
Oslo	Norway	29	64.54730469230768	13.092805384615387
Oslo	Peru	1619	-12.021889	-77.114319
Oslo	Philippines	739	14.508647	121.019581
Oslo	Poland	8	52.02910685714286	18.13036657142857
Oslo	Portugal	196	37.897868	-8.550915
Oslo	Romania	317	44.572161	26.102178
Oslo	Russia	132	57.390895799999996	34.652059
Oslo	Serbia	737	44.818444	20.309139
Oslo	Singapore	1212	1.350189	103.994433
Oslo	South Africa	954	-30.051986	23.4238335
Oslo	South Korea	763	37.469075	126.450517
Oslo	Spain	102	38.143918157894745	-4.032279578947368
Oslo	Sweden	58	61.721886	19.1006845
Oslo	Switzerland	147	47.464722	8.549167
Oslo	Thailand	460	13.681108	100.747283
Oslo	Turkey	208	38.722681666666666	28.924006666666667
Oslo	Ukraine	146	50.373346999999995	30.6722095
Oslo	United Arab Emirates	858	25.252778	55.364444
Oslo	United Kingdom	28	52.63162450000001	-1.1201895
Oslo	United States	410	38.8934464	-76.6166818
Oslo	Vietnam	505	10.818797	106.651856
Paris	Argentina	1157	-34.690698499999996	-58.4757195
Paris	Australia	580	-32.73597225	141.27624975
Paris	Austria	196	47.3921855	14.2219805
Paris	Bangladesh	245	23.843333	90.397781
Paris	Belarus	817	53.882469	28.030731
Paris	Belgium	76	50.901389	4.484444
Paris	Brazil	626	-8.126794	-34.923039
Paris	Bulgaria	135	42.79801075	25.538169
Paris	Burma	611	16.907305	96.133222
Paris	Cambodia	456	11.546556	104.844139
Paris	Cameroon	2801	4.006081	9.719481
Paris	Canada	1734	46.554074333333325	-91.40277766666667
Paris	China	376	30.540375111111114	118.0968438888889
Paris	Croatia	123	44.18419025	16.1392945
Paris	Cuba	408	22.989153	-82.409086
Paris	Cyprus	169	35.014908500000004	33.560475
Paris	Czech Republic	69	50.100833	14.26
Paris	Denmark	41	55.6791195	10.903875
Paris	Egypt	1980	30.121944	31.405556
Paris	Finland	80	60.6808875	26.553865000000002
Paris	France	19	44.037216599999994	3.746782933333334
Paris	Germany	41	50.728607090909094	10.601404454545454
Paris	Greece	170	37.8533525	24.7720315
Paris	Guernsey	118	49.434956	-2.601969
Paris	Hong Kong	2019	22.308919	113.914603
Paris	Hungary	93	47.436933	19.255592
Paris	Iceland	187	63.985	-22.605556
Paris	India	329	19.186012	77.098504
Paris	Iran	188	35.416111	51.152222
Paris	Ireland	29	53.1234985	-7.5472874999999995
Paris	Isle of Man	97	54.083333	-4.623889
Paris	Israel	128	32.011389	34.886667
Paris	Italy	17	42.939781999999994	11.466253400000001
Paris	Japan	475	34.59512873333333	135.36041400000002
Paris	Jersey	106	49.207947	-2.195508
Paris	Latvia	255	56.923611	23.971111
Paris	Lebanon	187	33.820931	35.488389
Paris	Lithuania	47	54.634133	25.285767
Paris	Madagascar	1177	-18.79695	47.478806
Paris	Malaysia	416	2.745578	101.709917
Paris	Maldives	423	4.191833	73.529128
Paris	Malta	164	35.857497	14.4775
Paris	Martinique	348	14.591033	-61.003175
Paris	Mexico	1275	20.164129	-98.1403562
Paris	Moldova	882	46.927744	28.930978
Paris	Morocco	53	33.042094000000006	-6.796687799999999
Paris	Netherlands	114	52.191390000000006	4.655
Paris	New Caledonia	1036	-22.014553	166.212972
Paris	New Zealand	1087	-37.008056	174.791667
Paris	Norway	37	60.231212166666666	8.987437666666667
Paris	Oman	687	23.593278	58.284444
Paris	Philippines	487	14.508647	121.019581
Paris	Poland	37	52.26052025	19.01112625
Paris	Portugal	41	39.014597	-8.594406333333334
Paris	Romania	34	45.90872575	23.88468275
Paris	Russia	108	55.55982536363637	43.10829381818182
Paris	Saudi Arabia	303	22.772256	41.670616
Paris	Senegal	2110	14.739708	-17.490225
Paris	Serbia	193	44.818444	20.309139
Paris	Singapore	2029	1.350189	103.994433
Paris	Slovakia	33	48.170167	17.212667
Paris	Slovenia	533	46.223686	14.457611
Paris	South Africa	342	-26.139166	28.246
Paris	South Korea	805	37.469075	126.450517
Paris	Spain	25	38.71347148000001	-4.6546716
Paris	Sri Lanka	545	7.180756	79.884117
Paris	Sweden	32	58.3081948	14.252161999999998
Paris	Switzerland	32	47.2206965	7.429112750000001
Paris	Thailand	400	13.681108	100.747283
Paris	Tunisia	166	35.49470666666667	10.585799999999999
Paris	Turkey	141	39.0075949	31.1618839
Paris	Ukraine	164	49.70130533333333	32.148325
Paris	United Arab Emirates	185	25.252778	55.364444
Paris	United Kingdom	21	53.66487167857144	-2.8243993571428576
Paris	United States	540	40.28059575	-94.27460340000002
Paris	Uruguay	1152	-34.838417	-56.030806
Paris	Venezuela	3082	10.603117	-66.990583
Paris	Vietnam	436	16.0199945	106.22951699999999
Porto	Angola	1434	-8.858375	13.231178
Porto	Austria	130	48.110278	16.569722
Porto	Belgium	22	50.75399166666667	4.474235
Porto	Cape Verde	461	16.833689	-25.054661
Porto	Croatia	264	42.561353	18.268244
Porto	Czech Republic	110	50.100833	14.26
Porto	Denmark	224	55.617917	12.655972
Porto	France	19	46.99859890909091	2.7583689090909087
Porto	Germany	22	50.616107166666666	9.264993666666667
Porto	Greece	108	37.936358	23.944467
Porto	Guinea-Bissau	368	11.89485	-15.653681
Porto	Hungary	110	47.436933	19.255592
Porto	Ireland	58	53.421333	-6.270075
Porto	Italy	32	43.859306874999994	10.146346125
Porto	Luxembourg	803	49.626575	6.211517
Porto	Malaysia	1198	2.745578	101.709917
Porto	Morocco	264	32.8291765	-7.3939095
Porto	Netherlands	24	51.556803333333335	5.302853666666667
Porto	Norway	855	58.876778	5.637856
Porto	Portugal	18	35.39175275	-12.5565645
Porto	Romania	166	44.572161	26.102178
Porto	South Africa	1205	-26.139166	28.246
Porto	Spain	17	36.431698250000004	-5.318548000000001
Porto	Sweden	734	59.651944	17.918611
Porto	Switzerland	35	46.914032000000006	6.819058500000001
Porto	United Kingdom	50	52.71893800000001	-1.1939435555555555
Porto	United States	1181	42.940525	-78.732167
Prague	Aruba	1270	12.501389	-70.015221
Prague	Austria	276	48.110278	16.569722
Prague	Belgium	69	50.901389	4.484444
Prague	Bulgaria	308	42.900827500000005	27.670171000000003
Prague	Canada	1327	43.677223	-79.630556
Prague	China	416	40.080111	116.584556
Prague	Croatia	204	44.13751766666667	16.561239666666665
Prague	Cyprus	314	34.875117	33.62485
Prague	Denmark	72	55.617917	12.655972
Prague	Dominican Republic	975	18.567367	-68.363431
Prague	Egypt	540	30.121944	31.405556
Prague	Finland	76	60.8656845	24.283862499999998
Prague	France	46	45.89779083333334	3.6190340000000005
Prague	Georgia	192	41.669167	44.954722
Prague	Germany	37	51.15135228571428	9.450524142857143
Prague	Greece	182	36.779156	25.63976475
Prague	Hong Kong	1113	22.308919	113.914603
Prague	Hungary	272	47.436933	19.255592
Prague	India	387	28.5665	77.103088
Prague	Ireland	67	52.63130099999999	-7.380593
Prague	Israel	184	32.011389	34.886667
Prague	Italy	26	42.32898407692308	11.878729307692309
Prague	Japan	377	35.65849	140.0830415
Prague	Jordan	3345	31.722556	35.993214
Prague	Latvia	627	56.923611	23.971111
Prague	Malaysia	665	2.745578	101.709917
Prague	Malta	190	35.857497	14.4775
Prague	Morocco	173	31.606886	-8.0363
Prague	Netherlands	34	52.1327785	4.6005555000000005
Prague	Norway	61	59.69031	10.6794945
Prague	Poland	124	51.469743666666666	20.573026666666667
Prague	Portugal	181	38.781311	-9.135919
Prague	Romania	1083	44.572161	26.102178
Prague	Russia	140	53.115959636363634	50.06755209090909
Prague	Serbia	353	44.818444	20.309139
Prague	Slovakia	222	48.663055	21.241112
Prague	Spain	68	38.657174960000006	-4.907764040000001
Prague	Sweden	77	58.65739	15.099215
Prague	Switzerland	74	46.851393	7.3290585
Prague	Thailand	1167	13.681108	100.747283
Prague	Turkey	289	40.976922	28.814606
Prague	Ukraine	172	47.726957999999996	32.212418
Prague	United Arab Emirates	389	25.252778	55.364444
Prague	United Kingdom	53	53.026650714285715	-1.4120137142857143
Prague	United States	352	39.43831642857143	-97.2082802857143
Prague	Vietnam	474	21.221192	105.807178
Reykjavik	Austria	105	48.110278	16.569722
Reykjavik	Belgium	216	50.901389	4.484444
Reykjavik	Canada	1235	43.677223	-79.630556
Reykjavik	Croatia	118	44.152142	17.168511
Reykjavik	Denmark	94	55.617917	12.655972
Reykjavik	Faroe Islands	178	62.063628	-7.277219
Reykjavik	Finland	139	60.317222	24.963333
Reykjavik	France	138	47.04837933333334	2.931296
Reykjavik	Germany	84	50.95490091666667	10.092470333333333
Reykjavik	Greenland	291	70.7433	-22.6606
Reykjavik	Hungary	234	47.436933	19.255592
Reykjavik	Iceland	41	65.66712766666667	-18.536456666666666
Reykjavik	Italy	127	42.87777288888889	12.612334777777779
Reykjavik	Luxembourg	186	49.626575	6.211517
Reykjavik	Netherlands	82	52.308613	4.763889
Reykjavik	Norway	130	60.193917	11.100361
Reykjavik	Poland	206	53.2716595	19.716672
Reykjavik	Portugal	135	38.781311	-9.135919
Reykjavik	Russia	264	55.500071000000005	37.5837985
Reykjavik	Spain	128	39.13340308695653	-4.483251130434783
Reykjavik	Sweden	162	58.65739	15.099215
Reykjavik	Switzerland	125	47.464722	8.549167
Reykjavik	United Kingdom	69	52.22982966666667	-1.1313215555555556
Reykjavik	United States	330	36.30789299999999	-77.30776460000001
Riga	Belgium	26	50.75399166666667	4.474235
Riga	Bulgaria	196	42.900827500000005	27.670171000000003
Riga	Croatia	454	43.538944	16.297964
Riga	Cyprus	285	34.875117	33.62485
Riga	Czech Republic	117	50.100833	14.26
Riga	Denmark	30	55.617917	12.655972
Riga	France	465	49.012779	2.55
Riga	Germany	26	51.1498656	8.219909
Riga	Hungary	112	47.436933	19.255592
Riga	Ireland	53	53.421333	-6.270075
Riga	Italy	40	43.346006200000005	10.6101664
Riga	Lithuania	56	54.634133	25.285767
Riga	Netherlands	43	51.879376	5.0692085
Riga	Norway	22	60.761452	8.2082335
Riga	Portugal	608	37.897868	-8.550915
Riga	Russia	84	56.741389	60.700686999999995
Riga	Spain	409	34.9985324	-7.780286200000001
Riga	Turkey	102	40.9377375	29.0619125
Riga	Ukraine	124	50.373346999999995	30.6722095
Riga	United Kingdom	47	52.5943055	-1.1894445
Riga	United States	582	41.882287500000004	-87.8286295
Rome	Albania	44	41.414742	19.720561
Rome	Antigua and Barbuda	1768	17.136749	-61.792667
Rome	Australia	571	-34.51990733333333	137.32916633333332
Rome	Austria	66	47.951791	14.7870275
Rome	Belarus	219	53.882469	28.030731
Rome	Belgium	34	50.75399166666667	4.474235
Rome	Brazil	638	-19.783523000000002	-43.978333
Rome	Bulgaria	79	42.632388500000005	25.4607015
Rome	Canada	1893	44.5738895	-76.6856945
Rome	Cape Verde	569	16.741389	-22.949444
Rome	China	407	40.080111	116.584556
Rome	Croatia	263	44.6409375	16.183371
Rome	Cuba	407	21.479461	-79.12225000000001
Rome	Cyprus	127	34.875117	33.62485
Rome	Czech Republic	63	50.100833	14.26
Rome	Denmark	48	56.355353	11.252568
Rome	Dominican Republic	1608	18.429664	-69.668925
Rome	Egypt	252	28.6501305	32.602496
Rome	Estonia	167	59.413317	24.832844
Rome	Finland	109	60.317222	24.963333
Rome	France	32	46.978041083333345	3.0706460833333336
Rome	French Polynesia	3552	-17.556667	-149.611389
Rome	Georgia	104	41.669167	44.954722
Rome	Germany	31	50.597122750000004	9.8914095
Rome	Greece	34	37.9935875	24.721206374999998
Rome	Hong Kong	1214	22.308919	113.914603
Rome	Hungary	40	47.436933	19.255592
Rome	Iceland	589	63.985	-22.605556
Rome	India	418	20.758243	77.385647
Rome	Iran	171	35.416111	51.152222
Rome	Ireland	62	53.421333	-6.270075
Rome	Israel	104	32.011389	34.886667
Rome	Italy	14	41.51542859999999	11.865040900000002
Rome	Japan	437	35.764722	140.386389
Rome	Kyrgyzstan	185	43.061306	74.477556
Rome	Luxembourg	102	49.626575	6.211517
Rome	Malaysia	1158	2.745578	101.709917
Rome	Malta	71	35.857497	14.4775
Rome	Mexico	1825	20.680083	-105.254167
Rome	Montenegro	116	42.382028	18.98759
Rome	Morocco	68	32.4871765	-7.8131335
Rome	Netherlands	47	51.905232000000005	4.858546333333334
Rome	Nigeria	327	9.006792	7.263172
Rome	Norway	93	59.8894995	8.26418
Rome	Pakistan	392	33.616653	73.099233
Rome	Poland	34	50.905911333333336	19.94399233333333
Rome	Portugal	63	38.956275500000004	-8.729784500000001
Rome	Qatar	669	25.261125	51.565056
Rome	Romania	43	44.572161	26.102178
Rome	Russia	135	54.991515750000005	39.767332
Rome	Saudi Arabia	381	25.7144005	48.248333
Rome	Singapore	417	1.350189	103.994433
Rome	Slovakia	50	48.170167	17.212667
Rome	Spain	34	38.436743846153846	-4.987944384615385
Rome	Sudan	1900	15.589497	32.553161
Rome	Sweden	30	58.469534499999995	14.74524775
Rome	Switzerland	31	47.189377	7.684112750000001
Rome	Tanzania	325	-6.878111	39.202625
Rome	Thailand	1158	13.681108	100.747283
Rome	Turkey	86	38.75834	30.061527833333333
Rome	Ukraine	173	47.726957999999996	32.212418
Rome	United Arab Emirates	164	25.252778	55.364444
Rome	United Kingdom	49	52.737677125	-1.7855466874999997
Rome	United States	575	39.26657329411765	-88.17211611764708
Rome	Vietnam	500	21.221192	105.807178
Sofia	Austria	84	48.110278	16.569722
Sofia	Brazil	1009	-22.808903	-43.243647
Sofia	China	422	40.080111	116.584556
Sofia	Cyprus	99	34.875117	33.62485
Sofia	Czech Republic	184	50.100833	14.26
Sofia	Germany	44	49.988606000000004	7.948938999999999
Sofia	Indonesia	822	-8.748169	115.167172
Sofia	Israel	331	32.011389	34.886667
Sofia	Italy	27	45.27997966666667	9.906981333333333
Sofia	Kuwait	523	29.226567	47.968928
Sofia	Lebanon	88	33.820931	35.488389
Sofia	Maldives	673	4.191833	73.529128
Sofia	Netherlands	27	51.450139	5.374528
Sofia	Portugal	665	41.248055	-8.681389
Sofia	Russia	190	55.657594666666675	37.52739533333334
Sofia	Spain	43	39.563489	-0.45007680000000005
Sofia	Sweden	167	59.651944	17.918611
Sofia	Switzerland	132	47.464722	8.549167
Sofia	United Kingdom	41	52.49769633333333	-1.0503617777777778
Sofia	United States	666	39.792142	-75.617368
St Petersburg	Angola	1733	-8.858375	13.231178
St Petersburg	Armenia	141	40.147275	44.395881
St Petersburg	Australia	982	-34.945	138.530556
St Petersburg	Austria	103	48.004619999999996	15.381259
St Petersburg	Azerbaijan	160	40.4675	50.046667
St Petersburg	Belgium	159	50.901389	4.484444
St Petersburg	Bulgaria	199	42.832283	26.248836333333333
St Petersburg	China	255	29.73867027272727	112.21895854545456
St Petersburg	Croatia	203	44.152142	17.168511
St Petersburg	Cyprus	311	34.718039	32.485731
St Petersburg	Czech Republic	169	50.100833	14.26
St Petersburg	Denmark	149	55.617917	12.655972
St Petersburg	Dominican Republic	716	18.567367	-68.363431
St Petersburg	Egypt	347	29.049583	32.900139
St Petersburg	Estonia	90	59.413317	24.832844
St Petersburg	Finland	90	60.317222	24.963333
St Petersburg	France	157	47.05553166666667	3.8868756666666666
St Petersburg	Germany	85	50.82358983333335	9.826120333333334
St Petersburg	Greece	334	39.2280415	23.4577085
St Petersburg	Hong Kong	369	22.308919	113.914603
St Petersburg	Iceland	730	63.985	-22.605556
St Petersburg	Ireland	420	53.421333	-6.270075
St Petersburg	Israel	157	32.011389	34.886667
St Petersburg	Italy	84	43.18483285714285	11.484629285714288
St Petersburg	Kazakhstan	197	50.0366	82.4942
St Petersburg	Kyrgyzstan	237	43.061306	74.477556
St Petersburg	Latvia	105	56.923611	23.971111
St Petersburg	Luxembourg	186	49.626575	6.211517
St Petersburg	Malta	761	35.857497	14.4775
St Petersburg	Mexico	3133	19.436303	-99.072097
St Petersburg	Moldova	676	46.927744	28.930978
St Petersburg	Montenegro	460	42.404664	18.723286
St Petersburg	Morocco	725	33.367467	-7.589967
St Petersburg	Netherlands	154	52.308613	4.763889
St Petersburg	Norway	80	61.034694	9.5857785
St Petersburg	Poland	80	51.1217405	20.375979
St Petersburg	Portugal	229	37.43542000000001	-10.639418000000001
St Petersburg	Romania	161	44.572161	26.102178
St Petersburg	Russia	64	54.217782593333325	65.48927745333334
St Petersburg	Singapore	457	1.350189	103.994433
St Petersburg	Spain	131	38.210069360000006	-5.29655568
St Petersburg	Sweden	62	59.651944	17.918611
St Petersburg	Switzerland	154	47.055836	7.7357613333333335
St Petersburg	Tajikistan	228	40.2154	69.6947
St Petersburg	Thailand	383	10.897154	99.5320775
St Petersburg	Turkey	152	38.844989	28.803553
St Petersburg	Ukraine	131	48.3962978	30.079431600000003
St Petersburg	United Arab Emirates	340	25.252778	55.364444
St Petersburg	United Kingdom	87	51.48166683333333	-0.6943518333333333
St Petersburg	United States	655	36.808524	-97.8111394
St Petersburg	Uzbekistan	140	41.257861	69.281186
St Petersburg	Vietnam	368	10.818797	106.651856
Stockholm	Australia	876	-37.673333	144.843333
Stockholm	Austria	157	48.110278	16.569722
Stockholm	Belgium	27	50.680293000000006	4.4691305
Stockholm	Bosnia and Herzegovina	265	43.824583	18.331467
Stockholm	Bulgaria	234	42.632388500000005	25.4607015
Stockholm	Canada	1499	44.5738895	-76.6856945
Stockholm	China	409	34.51755266666667	115.48929933333334
Stockholm	Croatia	93	43.7928798	16.1562272
Stockholm	Cuba	458	22.989153	-82.409086
Stockholm	Czech Republic	60	50.100833	14.26
Stockholm	Denmark	40	55.6791195	10.903875
Stockholm	Egypt	208	30.121944	31.405556
Stockholm	Estonia	14	59.413317	24.832844
Stockholm	Finland	33	63.71568875	24.47762075
Stockholm	France	68	46.526198	4.923330375
Stockholm	Georgia	257	41.669167	44.954722
Stockholm	Germany	14	50.716196000000004	9.838571933333332
Stockholm	Greece	173	37.146593599999996	24.8663168
Stockholm	Guatemala	1739	14.583272	-90.527475
Stockholm	Hong Kong	405	22.308919	113.914603
Stockholm	Hungary	42	47.436933	19.255592
Stockholm	Iceland	486	63.985	-22.605556
Stockholm	India	373	18.3998965	76.9549325
Stockholm	Indonesia	532	-6.125567	106.655897
Stockholm	Iraq	1611	36.237611	43.963158
Stockholm	Ireland	86	53.421333	-6.270075
Stockholm	Italy	46	42.076325000000004	11.8679045
Stockholm	Japan	420	35.764722	140.386389
Stockholm	Kenya	377	-1.319167	36.9275
Stockholm	Latvia	47	56.923611	23.971111
Stockholm	Lebanon	184	33.820931	35.488389
Stockholm	Lithuania	155	54.634133	25.285767
Stockholm	Macedonia	69	41.961622	21.621381
Stockholm	Madagascar	1667	-18.79695	47.478806
Stockholm	Malaysia	533	2.745578	101.709917
Stockholm	Moldova	771	46.927744	28.930978
Stockholm	Montenegro	268	42.359392	19.251894
Stockholm	Morocco	215	32.4871765	-7.8131335
Stockholm	Nepal	563	27.696583	85.3591
Stockholm	Netherlands	31	51.879376	5.0692085
Stockholm	Norway	30	60.401667999999994	8.6278474
Stockholm	Pakistan	488	24.906547	67.160797
Stockholm	Poland	21	52.26052025	19.01112625
Stockholm	Portugal	250	39.014597	-8.594406333333334
Stockholm	Romania	228	44.572161	26.102178
Stockholm	Russia	75	56.4157824	40.8696044
Stockholm	Serbia	60	44.818444	20.309139
Stockholm	Singapore	503	1.350189	103.994433
Stockholm	Slovenia	586	46.223686	14.457611
Stockholm	South Africa	640	-33.964806	18.601667
Stockholm	South Korea	514	37.469075	126.450517
Stockholm	Spain	73	38.43781545000001	-4.19082545
Stockholm	Sri Lanka	1030	7.180756	79.884117
Stockholm	Sweden	30	60.63215375	17.01405125
Stockholm	Switzerland	87	46.851393	7.3290585
Stockholm	Thailand	438	13.681108	100.747283
Stockholm	Turkey	196	38.67919775	30.350662500000002
Stockholm	Ukraine	249	50.373346999999995	30.6722095
Stockholm	United Arab Emirates	362	25.252778	55.364444
Stockholm	United Kingdom	17	52.90718644444445	-1.3026093333333335
Stockholm	United States	368	39.37934619999999	-87.1149412
Stockholm	Vietnam	533	10.818797	106.651856
Tallinn	Austria	308	48.110278	16.569722
Tallinn	Bulgaria	269	43.232072	27.825106
Tallinn	China	446	40.080111	116.584556
Tallinn	Croatia	344	43.538944	16.297964
Tallinn	Czech Republic	145	50.100833	14.26
Tallinn	Denmark	96	55.617917	12.655972
Tallinn	Finland	82	60.317222	24.963333
Tallinn	Germany	39	51.39079774999999	10.000602
Tallinn	Greece	691	37.936358	23.944467
Tallinn	Italy	491	45.445103	9.276739
Tallinn	Lithuania	55	54.634133	25.285767
Tallinn	Norway	15	62.01572650000001	12.181318
Tallinn	Russia	86	55.4963515	48.8082105
Tallinn	Spain	58	39.65575875	-0.6443862500000002
Tallinn	Sweden	14	59.071504	17.4269195
Tallinn	Turkey	604	40.976922	28.814606
Tallinn	United Kingdom	30	51.752939	-0.4711028333333334
Tel Aviv	Austria	93	48.110278	16.569722
Tel Aviv	Belgium	105	50.901389	4.484444
Tel Aviv	Croatia	253	44.152142	17.168511
Tel Aviv	Czech Republic	334	50.100833	14.26
Tel Aviv	Denmark	254	55.617917	12.655972
Tel Aviv	Finland	219	60.317222	24.963333
Tel Aviv	France	107	46.693534	4.0195492
Tel Aviv	Georgia	114	41.610278	41.599694
Tel Aviv	Germany	99	51.08239371428572	10.451516857142858
Tel Aviv	Greece	101	37.936358	23.944467
Tel Aviv	Guatemala	1022	14.583272	-90.527475
Tel Aviv	Hungary	111	47.436933	19.255592
Tel Aviv	India	587	28.5665	77.103088
Tel Aviv	Israel	33	29.561281	34.960081
Tel Aviv	Italy	113	43.275813153846144	11.632036692307695
Tel Aviv	Kenya	458	-1.319167	36.9275
Tel Aviv	Luxembourg	237	49.626575	6.211517
Tel Aviv	Macedonia	114	41.961622	21.621381
Tel Aviv	Malaysia	1302	2.745578	101.709917
Tel Aviv	Mexico	1089	21.036528	-86.877083
Tel Aviv	Moldova	337	46.927744	28.930978
Tel Aviv	Netherlands	113	52.308613	4.763889
Tel Aviv	Norway	236	60.193917	11.100361
Tel Aviv	Poland	296	52.16575	20.967122
Tel Aviv	Portugal	308	38.781311	-9.135919
Tel Aviv	Romania	114	44.572161	26.102178
Tel Aviv	Russia	136	55.794881999999994	44.091338699999994
Tel Aviv	South Africa	341	-26.139166	28.246
Tel Aviv	Spain	133	39.21349973913044	-4.478407260869566
Tel Aviv	Sweden	207	58.65739	15.099215
Tel Aviv	Switzerland	113	47.09759533333334	7.395761333333334
Tel Aviv	Thailand	738	13.681108	100.747283
Tel Aviv	Turkey	79	38.898641999999995	30.05484
Tel Aviv	Ukraine	345	50.345	30.894722
Tel Aviv	United Kingdom	120	52.50781466666667	-1.4818464999999998
Tel Aviv	United States	597	37.56144044444445	-83.71214022222222
Tenerife	Argentina	931	-34.822222	-58.535833
Tenerife	Austria	580	48.1717485	15.3786165
Tenerife	Belgium	52	50.680293000000006	4.4691305
Tenerife	Bulgaria	1567	42.695194	23.406167
Tenerife	Cape Verde	165	14.9245	-23.4935
Tenerife	Croatia	275	42.561353	18.268244
Tenerife	Czech Republic	326	50.100833	14.26
Tenerife	Denmark	58	55.6791195	10.903875
Tenerife	France	118	46.896220142857146	3.4154970000000007
Tenerife	Germany	107	51.03251578571429	9.802140642857143
Tenerife	Greece	317	37.936358	23.944467
Tenerife	India	1161	28.5665	77.103088
Tenerife	Ireland	179	52.96871924999999	-8.12612375
Tenerife	Italy	110	43.25603490909091	11.571466636363636
Tenerife	Malta	267	35.857497	14.4775
Tenerife	Netherlands	165	52.308613	4.763889
Tenerife	Portugal	190	40.014683000000005	-8.908653999999999
Tenerife	Romania	919	44.572161	26.102178
Tenerife	Russia	572	57.022844	46.3420462
Tenerife	Spain	35	39.09812345833334	-4.318493208333333
Tenerife	Sweden	276	59.548322	15.6280055
Tenerife	Switzerland	127	47.464722	8.549167
Tenerife	Ukraine	478	50.345	30.894722
Tenerife	United Kingdom	69	53.225885000000005	-2.2018704
Tenerife	Western Sahara	107	27.1517	-13.2192
Vienna	Australia	594	-34.945	138.530556
Vienna	Belgium	272	50.901389	4.484444
Vienna	Bulgaria	85	42.695194	23.406167
Vienna	China	441	35.6117445	119.194885
Vienna	Colombia	1247	4.701594	-74.146947
Vienna	Croatia	216	42.561353	18.268244
Vienna	Cyprus	197	34.875117	33.62485
Vienna	Czech Republic	50	49.8985625	16.185526499999998
Vienna	Denmark	116	55.617917	12.655972
Vienna	Dominican Republic	2292	18.567367	-68.363431
Vienna	Egypt	244	30.121944	31.405556
Vienna	France	116	47.132156	4.041772
Vienna	Germany	43	51.40792754545455	10.523174181818183
Vienna	Greece	115	36.492387	25.381057571428574
Vienna	Iceland	295	63.985	-22.605556
Vienna	India	420	28.5665	77.103088
Vienna	Indonesia	3653	-6.125567	106.655897
Vienna	Ireland	157	53.421333	-6.270075
Vienna	Israel	207	32.011389	34.886667
Vienna	Italy	80	42.349136875	10.999939875
Vienna	Japan	877	34.4347222	135.244167
Vienna	Malta	189	35.857497	14.4775
Vienna	Morocco	164	32.4871765	-7.8131335
Vienna	Netherlands	51	52.1327785	4.6005555000000005
Vienna	Norway	72	60.193917	11.100361
Vienna	Pakistan	529	24.906547	67.160797
Vienna	Portugal	223	38.781311	-9.135919
Vienna	Russia	103	57.04130257142857	38.76064414285714
Vienna	Serbia	119	44.818444	20.309139
Vienna	South Korea	542	37.469075	126.450517
Vienna	Spain	89	38.96741605000001	-4.4590203
Vienna	Sweden	120	59.651944	17.918611
Vienna	Switzerland	142	46.7137375	7.066055
Vienna	Thailand	1152	13.681108	100.747283
Vienna	Turkey	111	38.576040600000006	33.9643454
Vienna	Ukraine	127	48.073611	37.739722
Vienna	United Arab Emirates	800	25.252778	55.364444
Vienna	United Kingdom	93	52.841869800000005	-1.6497119333333334
Vienna	United States	717	34.292341	-91.78513785714286
Warsaw	Australia	576	-37.8563885	144.6563885
Warsaw	Belgium	20	50.75399166666667	4.474235
Warsaw	Brazil	284	-15.7794345	-40.696275
Warsaw	Bulgaria	142	42.832283	26.248836333333333
Warsaw	Cambodia	437	11.546556	104.844139
Warsaw	Canada	1957	44.225648666666665	-78.310093
Warsaw	China	310	40.080111	116.584556
Warsaw	Colombia	3416	4.701594	-74.146947
Warsaw	Croatia	259	43.538944	16.297964
Warsaw	Denmark	49	55.617917	12.655972
Warsaw	Dominican Republic	938	18.567367	-68.363431
Warsaw	Estonia	74	59.413317	24.832844
Warsaw	Finland	68	60.317222	24.963333
Warsaw	France	40	47.405366428571426	4.232848285714286
Warsaw	Germany	14	49.9915038	8.4556344
Warsaw	Greece	299	35.339719	25.180297
Warsaw	Hungary	32	47.436933	19.255592
Warsaw	Iceland	206	63.985	-22.605556
Warsaw	Indonesia	572	-6.125567	106.655897
Warsaw	Ireland	34	52.63130099999999	-7.380593
Warsaw	Italy	26	43.28792169230769	11.231193000000001
Warsaw	Japan	435	35.2505674	138.47008333333335
Warsaw	Jordan	1045	31.722556	35.993214
Warsaw	Lebanon	221	33.820931	35.488389
Warsaw	Morocco	952	33.367467	-7.589967
Warsaw	Netherlands	14	51.879376	5.0692085
Warsaw	New Zealand	751	-43.489358	172.532225
Warsaw	Norway	21	59.786425	10.942875
Warsaw	Poland	57	54.377569	18.466222
Warsaw	Portugal	281	36.16454166666667	-11.292094333333333
Warsaw	Romania	155	44.572161	26.102178
Warsaw	Russia	101	55.34481033333333	41.40857216666667
Warsaw	Singapore	512	1.350189	103.994433
Warsaw	South Africa	935	-33.964806	18.601667
Warsaw	South Korea	1112	37.469075	126.450517
Warsaw	Spain	38	38.191434	-2.1445437
Warsaw	Sweden	17	58.706016399999996	15.3799204
Warsaw	Switzerland	94	47.464722	8.549167
Warsaw	Thailand	349	13.681108	100.747283
Warsaw	Turkey	324	40.976922	28.814606
Warsaw	United Arab Emirates	443	25.252778	55.364444
Warsaw	United Kingdom	21	53.32440050000001	-1.420589857142857
Warsaw	United States	468	34.92167633333333	-85.98608166666668
Warsaw	Uzbekistan	789	41.257861	69.281186
Warsaw	Vietnam	460	10.818797	106.651856
Wroclaw	Croatia	472	45.742931	16.068778
Wroclaw	Germany	144	50.026421	8.543125
Wroclaw	Greece	52	35.531747	24.149678
Wroclaw	Italy	25	43.9015356	10.968296
Wroclaw	Netherlands	17	51.450139	5.374528
Wroclaw	Norway	25	59.378933	10.785389
Wroclaw	Spain	74	39.504785999999996	-0.814907
Wroclaw	United Kingdom	19	52.94629354545455	-1.658587090909091
Zurich	Australia	892	-34.365648	147.47675900000002
Zurich	Austria	84	47.631549666666665	15.004561
Zurich	Belgium	236	50.901389	4.484444
Zurich	Brazil	623	-22.891477	-47.44456666666667
Zurich	Bulgaria	158	42.632388500000005	25.4607015
Zurich	Canada	394	51.113888	-114.020278
Zurich	China	454	32.49666511111111	115.34736311111111
Zurich	Croatia	185	43.21308033333333	16.954724000000002
Zurich	Cyprus	523	34.875117	33.62485
Zurich	Czech Republic	96	50.100833	14.26
Zurich	Denmark	113	55.617917	12.655972
Zurich	Finland	250	60.317222	24.963333
Zurich	France	58	46.59593471428571	3.8294155714285716
Zurich	Germany	28	51.66153171428572	10.666826142857143
Zurich	Greece	172	37.64902333333333	25.091349166666664
Zurich	Guernsey	272	49.434956	-2.601969
Zurich	Hong Kong	435	22.308919	113.914603
Zurich	Hungary	135	47.436933	19.255592
Zurich	India	547	16.2181555	75.70878325
Zurich	Ireland	126	53.421333	-6.270075
Zurich	Israel	310	32.011389	34.886667
Zurich	Italy	81	41.78225692857142	13.004813500000001
Zurich	Japan	1358	33.585942	130.450686
Zurich	Jersey	221	49.207947	-2.195508
Zurich	Kyrgyzstan	401	43.061306	74.477556
Zurich	Lebanon	942	33.820931	35.488389
Zurich	Malta	241	35.857497	14.4775
Zurich	Netherlands	481	52.308613	4.763889
Zurich	Philippines	719	14.508647	121.019581
Zurich	Poland	164	52.903023	20.133488666666665
Zurich	Portugal	233	38.781311	-9.135919
Zurich	Qatar	515	25.261125	51.565056
Zurich	Russia	181	57.74545925	33.9614265
Zurich	Serbia	158	44.818444	20.309139
Zurich	Singapore	474	1.350189	103.994433
Zurich	South Africa	579	-33.964806	18.601667
Zurich	Spain	63	38.28530607142857	-5.009493785714286
Zurich	Sweden	152	59.651944	17.918611
Zurich	Switzerland	249	46.238064	6.10895
Zurich	Turkey	124	38.613038375	29.019475749999998
Zurich	United Arab Emirates	175	25.252778	55.364444
Zurich	United Kingdom	93	52.52962581250001	-1.6104385625000002
Zurich	United States	527	38.56269375	-94.940965125
Zurich	Uzbekistan	237	41.257861	69.281186
Zurich	Vietnam	588	21.221192	105.807178
